level,scope,target_fn,edge_kind,callsite,caller_fn,evidence,confidence,open
0,anchor_chain,0xC856C0,forward_subject,0xC85681,,"the forward flow anchor, called once at 0xC85681",HIGH,F-U-01
1,anchor_chain,0xC856C0,direct_call,0xC85681,0xC85650,pdata_boundary+rel32_displacement+in_text_target,HIGH,F-U-01
2,anchor_chain,0xC85650,no_inbound_edge_in_enumerated_forms,,,absolute_pointer=0+api_target=0+code_pointer_slot=0+rel32_call=0+rel32_jmp=0+rip_relative_materialisation=0,HIGH,F-U-01
0,forward_sinks,0x495D0,forward_subject,0xC856A7,,output vector growth helper called by the entry function on the slow append path,HIGH,
0,forward_sinks,0x51D680,forward_subject,0xC85737+0xC85DFA,,syscall wrapper called from a dispatch branch,HIGH,
0,forward_sinks,0x51D880,forward_subject,0xC8576D,,syscall wrapper called from a dispatch branch,HIGH,
0,forward_sinks,0x51DAB0,forward_subject,0xC85917+0xC86177,,syscall wrapper called from a dispatch branch,HIGH,
0,forward_sinks,0x51DC60,forward_subject,0xC85AD1,,syscall wrapper called from a dispatch branch,HIGH,
0,forward_sinks,0x51DDE0,forward_subject,0xC85BE7,,syscall wrapper called from a dispatch branch,HIGH,
0,forward_sinks,0x51DFF0,forward_subject,0xC85C1D,,syscall wrapper called from a dispatch branch,HIGH,
0,forward_sinks,0xC8F650,forward_subject,0xC86477+0xC86AF6,,syscall wrapper called from a dispatch branch,HIGH,
0,forward_sinks,0xC8F880,forward_subject,0xC864A0,,syscall wrapper called from a dispatch branch,HIGH,
0,forward_sinks,0xC8FAA0,forward_subject,0xC86617+0xC86E34,,syscall wrapper called from a dispatch branch,HIGH,
0,forward_sinks,0xC8FC00,forward_subject,0xC86761,,syscall wrapper called from a dispatch branch,HIGH,
0,forward_sinks,0xC8FDE0,forward_subject,0xC86979,,syscall wrapper called from a dispatch branch,HIGH,
0,forward_sinks,0xC8FF60,forward_subject,0xC869A2,,syscall wrapper called from a dispatch branch,HIGH,
1,forward_sinks,0x495D0,direct_call,0x17709FA,0x176F860,pdata_boundary+rel32_displacement+in_text_target,HIGH,
1,forward_sinks,0x495D0,direct_call,0x1770DE8,0x176F860,pdata_boundary+rel32_displacement+in_text_target,HIGH,
1,forward_sinks,0x495D0,direct_call,0x4628B,0x461E0,pdata_boundary+rel32_displacement+in_text_target,HIGH,
1,forward_sinks,0x495D0,direct_call,0x464FF,0x461E0,pdata_boundary+rel32_displacement+in_text_target,HIGH,
1,forward_sinks,0x495D0,direct_call,0x47DF7,0x47CB0,pdata_boundary+rel32_displacement+in_text_target,HIGH,
1,forward_sinks,0x495D0,direct_call,0x48567,0x48420,pdata_boundary+rel32_displacement+in_text_target,HIGH,
1,forward_sinks,0x495D0,direct_call,0x687427,0x687200,pdata_boundary+rel32_displacement+in_text_target,HIGH,
1,forward_sinks,0x495D0,direct_call,0x8BDEA4,0x8BD8A0,pdata_boundary+rel32_displacement+in_text_target,HIGH,
1,forward_sinks,0x495D0,direct_call,0x8BDEC8,0x8BD8A0,pdata_boundary+rel32_displacement+in_text_target,HIGH,
1,forward_sinks,0x495D0,direct_call,0x8F832,0x8F720,pdata_boundary+rel32_displacement+in_text_target,HIGH,
1,forward_sinks,0x495D0,direct_call,0x8F962,0x8F850,pdata_boundary+rel32_displacement+in_text_target,HIGH,
1,forward_sinks,0x495D0,direct_call,0x8FDC0,0x8FCA0,pdata_boundary+rel32_displacement+in_text_target,HIGH,
1,forward_sinks,0x495D0,direct_call,0x8FEF2,0x8FDE0,pdata_boundary+rel32_displacement+in_text_target,HIGH,
1,forward_sinks,0x495D0,direct_call,0x90030,0x8FF10,pdata_boundary+rel32_displacement+in_text_target,HIGH,
1,forward_sinks,0x495D0,direct_call,0x90162,0x90050,pdata_boundary+rel32_displacement+in_text_target,HIGH,
1,forward_sinks,0x495D0,direct_call,0x902C4,0x90180,pdata_boundary+rel32_displacement+in_text_target,HIGH,
1,forward_sinks,0x495D0,direct_call,0x90467,0x90320,pdata_boundary+rel32_displacement+in_text_target,HIGH,
1,forward_sinks,0x495D0,direct_call,0xC856A7,0xC85650,pdata_boundary+rel32_displacement+in_text_target,HIGH,F-U-01
1,forward_sinks,0x495D0,direct_call,0xC9CBA2,0xC9C6B0,pdata_boundary+rel32_displacement+in_text_target,HIGH,
1,forward_sinks,0x495D0,direct_call,0xC9D27F,0xC9D0E0,pdata_boundary+rel32_displacement+in_text_target,HIGH,
1,forward_sinks,0x51D680,direct_call,0x1000A80,0xFD1260,pdata_boundary+rel32_displacement+in_text_target,HIGH,F-U-01
1,forward_sinks,0x51D680,direct_call,0x1001D2E,0xFD1260,pdata_boundary+rel32_displacement+in_text_target,HIGH,F-U-01
1,forward_sinks,0x51D680,direct_call,0x101254D,0x100D1A0,pdata_boundary+rel32_displacement+in_text_target,HIGH,F-U-01
1,forward_sinks,0x51D680,direct_call,0x1014138,0x100D1A0,pdata_boundary+rel32_displacement+in_text_target,HIGH,F-U-01
1,forward_sinks,0x51D680,direct_call,0x1019B0B,0x1014550,pdata_boundary+rel32_displacement+in_text_target,HIGH,F-U-01
1,forward_sinks,0x51D680,direct_call,0x101A85B,0x1014550,pdata_boundary+rel32_displacement+in_text_target,HIGH,F-U-01
1,forward_sinks,0x51D680,direct_call,0x101EE12,0x101C990,pdata_boundary+rel32_displacement+in_text_target,HIGH,F-U-01
1,forward_sinks,0x51D680,direct_call,0x1021DEE,0x101C990,pdata_boundary+rel32_displacement+in_text_target,HIGH,F-U-01
1,forward_sinks,0x51D680,direct_call,0x103B9F8,0x1038AC0,pdata_boundary+rel32_displacement+in_text_target,HIGH,F-U-01
1,forward_sinks,0x51D680,direct_call,0x103E875,0x1038AC0,pdata_boundary+rel32_displacement+in_text_target,HIGH,F-U-01
1,forward_sinks,0x51D680,direct_call,0x1054D8E,0x104F010,pdata_boundary+rel32_displacement+in_text_target,HIGH,F-U-01
1,forward_sinks,0x51D680,direct_call,0x10550D1,0x104F010,pdata_boundary+rel32_displacement+in_text_target,HIGH,F-U-01
1,forward_sinks,0x51D680,direct_call,0x12E2821,0x12DD8F0,pdata_boundary+rel32_displacement+in_text_target,HIGH,F-U-01
1,forward_sinks,0x51D680,direct_call,0x12E4638,0x12DD8F0,pdata_boundary+rel32_displacement+in_text_target,HIGH,F-U-01
1,forward_sinks,0x51D680,direct_call,0x12EF3FF,0x12ECCE0,pdata_boundary+rel32_displacement+in_text_target,HIGH,F-U-01
1,forward_sinks,0x51D680,direct_call,0x12EFCFD,0x12ECCE0,pdata_boundary+rel32_displacement+in_text_target,HIGH,F-U-01
1,forward_sinks,0x51D680,direct_call,0x12F7CA4,0x12F3D50,pdata_boundary+rel32_displacement+in_text_target,HIGH,F-U-01
1,forward_sinks,0x51D680,direct_call,0x12F97F3,0x12F3D50,pdata_boundary+rel32_displacement+in_text_target,HIGH,F-U-01
1,forward_sinks,0x51D680,direct_call,0x136B6F0,0x1367630,pdata_boundary+rel32_displacement+in_text_target,HIGH,F-U-01
1,forward_sinks,0x51D680,direct_call,0x136E2F2,0x1367630,pdata_boundary+rel32_displacement+in_text_target,HIGH,F-U-01
1,forward_sinks,0x51D680,direct_call,0x1371BE7,0x136EBD0,pdata_boundary+rel32_displacement+in_text_target,HIGH,F-U-01
1,forward_sinks,0x51D680,direct_call,0x1375500,0x136EBD0,pdata_boundary+rel32_displacement+in_text_target,HIGH,F-U-01
1,forward_sinks,0x51D680,direct_call,0x137FB1D,0x137D1D0,pdata_boundary+rel32_displacement+in_text_target,HIGH,
1,forward_sinks,0x51D680,direct_call,0x137FE22,0x137D1D0,pdata_boundary+rel32_displacement+in_text_target,HIGH,
1,forward_sinks,0x51D680,direct_call,0x1398B97,0x1394210,pdata_boundary+rel32_displacement+in_text_target,HIGH,F-U-01
1,forward_sinks,0x51D680,direct_call,0x1398C26,0x1394210,pdata_boundary+rel32_displacement+in_text_target,HIGH,F-U-01
1,forward_sinks,0x51D680,direct_call,0x168369A,0x167F330,pdata_boundary+rel32_displacement+in_text_target,HIGH,F-U-01
1,forward_sinks,0x51D680,direct_call,0x1684243,0x167F330,pdata_boundary+rel32_displacement+in_text_target,HIGH,F-U-01
1,forward_sinks,0x51D680,direct_call,0x16DC384,0x16DB170,pdata_boundary+rel32_displacement+in_text_target,HIGH,F-U-01
1,forward_sinks,0x51D680,direct_call,0x16DD430,0x16DB170,pdata_boundary+rel32_displacement+in_text_target,HIGH,F-U-01
1,forward_sinks,0x51D680,direct_call,0x174E327,0x174C190,pdata_boundary+rel32_displacement+in_text_target,HIGH,
1,forward_sinks,0x51D680,direct_call,0x17513F3,0x174C190,pdata_boundary+rel32_displacement+in_text_target,HIGH,
1,forward_sinks,0x51D680,direct_call,0x1853714,0x1850510,pdata_boundary+rel32_displacement+in_text_target,HIGH,F-U-01
1,forward_sinks,0x51D680,direct_call,0x1855842,0x1850510,pdata_boundary+rel32_displacement+in_text_target,HIGH,F-U-01
1,forward_sinks,0x51D680,direct_call,0x185F902,0x185B700,pdata_boundary+rel32_displacement+in_text_target,HIGH,F-U-01
1,forward_sinks,0x51D680,direct_call,0x1861842,0x185B700,pdata_boundary+rel32_displacement+in_text_target,HIGH,F-U-01
1,forward_sinks,0x51D680,direct_call,0x1AFD58D,0x1AFD4A0,pdata_boundary+rel32_displacement+in_text_target,HIGH,
1,forward_sinks,0x51D680,direct_call,0x1AFDBFF,0x1AFD4A0,pdata_boundary+rel32_displacement+in_text_target,HIGH,
1,forward_sinks,0x51D680,direct_call,0x1B0C723,0x1B0B3A0,pdata_boundary+rel32_displacement+in_text_target,HIGH,
1,forward_sinks,0x51D680,direct_call,0x1B0D1C4,0x1B0B3A0,pdata_boundary+rel32_displacement+in_text_target,HIGH,
1,forward_sinks,0x51D680,direct_call,0x1B0D4FB,0x1B0B3A0,pdata_boundary+rel32_displacement+in_text_target,HIGH,
1,forward_sinks,0x51D680,direct_call,0x1B0DDF6,0x1B0B3A0,pdata_boundary+rel32_displacement+in_text_target,HIGH,
1,forward_sinks,0x51D680,direct_call,0x1B10616,0x1B10230,pdata_boundary+rel32_displacement+in_text_target,HIGH,
1,forward_sinks,0x51D680,direct_call,0x1B11ED6,0x1B10230,pdata_boundary+rel32_displacement+in_text_target,HIGH,
1,forward_sinks,0x51D680,direct_call,0x1B14058,0x1B12B50,pdata_boundary+rel32_displacement+in_text_target,HIGH,
1,forward_sinks,0x51D680,direct_call,0x1B14185,0x1B12B50,pdata_boundary+rel32_displacement+in_text_target,HIGH,
1,forward_sinks,0x51D680,direct_call,0x291E5C9,0x291E560,pdata_boundary+rel32_displacement+in_text_target,HIGH,
1,forward_sinks,0x51D680,direct_call,0x291EC6B,0x291E560,pdata_boundary+rel32_displacement+in_text_target,HIGH,
1,forward_sinks,0x51D680,direct_call,0x4F7384,0x4F2B50,pdata_boundary+rel32_displacement+in_text_target,HIGH,F-U-01
1,forward_sinks,0x51D680,direct_call,0x4F916A,0x4F2B50,pdata_boundary+rel32_displacement+in_text_target,HIGH,F-U-01
1,forward_sinks,0x51D680,direct_call,0x4FEA88,0x4FA0C0,pdata_boundary+rel32_displacement+in_text_target,HIGH,F-U-01
1,forward_sinks,0x51D680,direct_call,0x500A52,0x4FA0C0,pdata_boundary+rel32_displacement+in_text_target,HIGH,F-U-01
1,forward_sinks,0x51D680,direct_call,0xAF4FAE,0xAF3D50,pdata_boundary+rel32_displacement+in_text_target,HIGH,
1,forward_sinks,0x51D680,direct_call,0xAF5B5D,0xAF3D50,pdata_boundary+rel32_displacement+in_text_target,HIGH,
1,forward_sinks,0x51D680,direct_call,0xC85737,0xC856C0,pdata_boundary+rel32_displacement+in_text_target,HIGH,
1,forward_sinks,0x51D680,direct_call,0xC85DFA,0xC856C0,pdata_boundary+rel32_displacement+in_text_target,HIGH,
1,forward_sinks,0x51D680,direct_call,0xDA9A7C,0xDA99A0,pdata_boundary+rel32_displacement+in_text_target,HIGH,
1,forward_sinks,0x51D680,direct_call,0xDAA116,0xDA99A0,pdata_boundary+rel32_displacement+in_text_target,HIGH,
1,forward_sinks,0x51D680,direct_call,0xDAB1A1,0xDA99A0,pdata_boundary+rel32_displacement+in_text_target,HIGH,
1,forward_sinks,0x51D680,direct_call,0xDAB872,0xDA99A0,pdata_boundary+rel32_displacement+in_text_target,HIGH,
1,forward_sinks,0x51D680,direct_call,0xDAC9E4,0xDA99A0,pdata_boundary+rel32_displacement+in_text_target,HIGH,
1,forward_sinks,0x51D680,direct_call,0xDAD096,0xDA99A0,pdata_boundary+rel32_displacement+in_text_target,HIGH,
1,forward_sinks,0x51D680,direct_call,0xDAE000,0xDA99A0,pdata_boundary+rel32_displacement+in_text_target,HIGH,
1,forward_sinks,0x51D680,direct_call,0xDAE69A,0xDA99A0,pdata_boundary+rel32_displacement+in_text_target,HIGH,
1,forward_sinks,0x51D680,direct_call,0xE48FA3,0xE48B60,pdata_boundary+rel32_displacement+in_text_target,HIGH,
1,forward_sinks,0x51D680,direct_call,0xE49863,0xE48B60,pdata_boundary+rel32_displacement+in_text_target,HIGH,
1,forward_sinks,0x51D680,direct_call,0xE50C8F,0xE4E5B0,pdata_boundary+rel32_displacement+in_text_target,HIGH,F-U-01
1,forward_sinks,0x51D680,direct_call,0xE548F4,0xE4E5B0,pdata_boundary+rel32_displacement+in_text_target,HIGH,F-U-01
1,forward_sinks,0x51D680,direct_call,0xE58518,0xE55F50,pdata_boundary+rel32_displacement+in_text_target,HIGH,F-U-01
1,forward_sinks,0x51D680,direct_call,0xE5C18B,0xE55F50,pdata_boundary+rel32_displacement+in_text_target,HIGH,F-U-01
1,forward_sinks,0x51D680,direct_call,0xE5E9F0,0xE5D940,pdata_boundary+rel32_displacement+in_text_target,HIGH,F-U-01
1,forward_sinks,0x51D680,direct_call,0xE5F9B9,0xE5D940,pdata_boundary+rel32_displacement+in_text_target,HIGH,F-U-01
1,forward_sinks,0x51D680,direct_call,0xE79F2E,0xE783B0,pdata_boundary+rel32_displacement+in_text_target,HIGH,F-U-01
1,forward_sinks,0x51D680,direct_call,0xE7DB07,0xE783B0,pdata_boundary+rel32_displacement+in_text_target,HIGH,F-U-01
1,forward_sinks,0x51D680,direct_call,0xE8236C,0xE7FD40,pdata_boundary+rel32_displacement+in_text_target,HIGH,F-U-01
1,forward_sinks,0x51D680,direct_call,0xE82E63,0xE7FD40,pdata_boundary+rel32_displacement+in_text_target,HIGH,F-U-01
1,forward_sinks,0x51D680,direct_call,0xE91999,0xE8E540,pdata_boundary+rel32_displacement+in_text_target,HIGH,F-U-01
1,forward_sinks,0x51D680,direct_call,0xE9500E,0xE8E540,pdata_boundary+rel32_displacement+in_text_target,HIGH,F-U-01
1,forward_sinks,0x51D680,direct_call,0xFE8CA9,0xFD1260,pdata_boundary+rel32_displacement+in_text_target,HIGH,F-U-01
1,forward_sinks,0x51D680,direct_call,0xFF0B3A,0xFD1260,pdata_boundary+rel32_displacement+in_text_target,HIGH,F-U-01
1,forward_sinks,0x51D680,direct_call,0xFF309E,0xFD1260,pdata_boundary+rel32_displacement+in_text_target,HIGH,F-U-01
1,forward_sinks,0x51D680,direct_call,0xFF6347,0xFD1260,pdata_boundary+rel32_displacement+in_text_target,HIGH,F-U-01
1,forward_sinks,0x51D680,direct_call,0xFFE366,0xFD1260,pdata_boundary+rel32_displacement+in_text_target,HIGH,F-U-01
1,forward_sinks,0x51D680,direct_call,0xFFF48F,0xFD1260,pdata_boundary+rel32_displacement+in_text_target,HIGH,F-U-01
1,forward_sinks,0x51D880,direct_call,0x100649E,0xFD1260,pdata_boundary+rel32_displacement+in_text_target,HIGH,F-U-01
1,forward_sinks,0x51D880,direct_call,0x1008DF2,0xFD1260,pdata_boundary+rel32_displacement+in_text_target,HIGH,F-U-01
1,forward_sinks,0x51D880,direct_call,0x100B1AF,0xFD1260,pdata_boundary+rel32_displacement+in_text_target,HIGH,F-U-01
1,forward_sinks,0x51D880,direct_call,0x1013CF8,0x100D1A0,pdata_boundary+rel32_displacement+in_text_target,HIGH,F-U-01
1,forward_sinks,0x51D880,direct_call,0x101A7B3,0x1014550,pdata_boundary+rel32_displacement+in_text_target,HIGH,F-U-01
1,forward_sinks,0x51D880,direct_call,0x101F27F,0x101C990,pdata_boundary+rel32_displacement+in_text_target,HIGH,F-U-01
1,forward_sinks,0x51D880,direct_call,0x103E1DF,0x1038AC0,pdata_boundary+rel32_displacement+in_text_target,HIGH,F-U-01
1,forward_sinks,0x51D880,direct_call,0x105338E,0x104F010,pdata_boundary+rel32_displacement+in_text_target,HIGH,F-U-01
1,forward_sinks,0x51D880,direct_call,0x12E08AF,0x12DD8F0,pdata_boundary+rel32_displacement+in_text_target,HIGH,F-U-01
1,forward_sinks,0x51D880,direct_call,0x12EDD0A,0x12ECCE0,pdata_boundary+rel32_displacement+in_text_target,HIGH,F-U-01
1,forward_sinks,0x51D880,direct_call,0x12F5C53,0x12F3D50,pdata_boundary+rel32_displacement+in_text_target,HIGH,F-U-01
1,forward_sinks,0x51D880,direct_call,0x136E459,0x1367630,pdata_boundary+rel32_displacement+in_text_target,HIGH,F-U-01
1,forward_sinks,0x51D880,direct_call,0x13741B2,0x136EBD0,pdata_boundary+rel32_displacement+in_text_target,HIGH,F-U-01
1,forward_sinks,0x51D880,direct_call,0x137FE86,0x137D1D0,pdata_boundary+rel32_displacement+in_text_target,HIGH,
1,forward_sinks,0x51D880,direct_call,0x13961C0,0x1394210,pdata_boundary+rel32_displacement+in_text_target,HIGH,F-U-01
1,forward_sinks,0x51D880,direct_call,0x1684E41,0x167F330,pdata_boundary+rel32_displacement+in_text_target,HIGH,F-U-01
1,forward_sinks,0x51D880,direct_call,0x16DCE89,0x16DB170,pdata_boundary+rel32_displacement+in_text_target,HIGH,F-U-01
1,forward_sinks,0x51D880,direct_call,0x174E663,0x174C190,pdata_boundary+rel32_displacement+in_text_target,HIGH,
1,forward_sinks,0x51D880,direct_call,0x1856B5A,0x1850510,pdata_boundary+rel32_displacement+in_text_target,HIGH,F-U-01
1,forward_sinks,0x51D880,direct_call,0x1862C23,0x185B700,pdata_boundary+rel32_displacement+in_text_target,HIGH,F-U-01
1,forward_sinks,0x51D880,direct_call,0x1AFD5C5,0x1AFD4A0,pdata_boundary+rel32_displacement+in_text_target,HIGH,
1,forward_sinks,0x51D880,direct_call,0x1B0DA55,0x1B0B3A0,pdata_boundary+rel32_displacement+in_text_target,HIGH,
1,forward_sinks,0x51D880,direct_call,0x1B0F467,0x1B0B3A0,pdata_boundary+rel32_displacement+in_text_target,HIGH,
1,forward_sinks,0x51D880,direct_call,0x1B1237E,0x1B10230,pdata_boundary+rel32_displacement+in_text_target,HIGH,
1,forward_sinks,0x51D880,direct_call,0x1B13466,0x1B12B50,pdata_boundary+rel32_displacement+in_text_target,HIGH,
1,forward_sinks,0x51D880,direct_call,0x291E5FB,0x291E560,pdata_boundary+rel32_displacement+in_text_target,HIGH,
1,forward_sinks,0x51D880,direct_call,0x4F731A,0x4F2B50,pdata_boundary+rel32_displacement+in_text_target,HIGH,F-U-01
1,forward_sinks,0x51D880,direct_call,0x5010A3,0x4FA0C0,pdata_boundary+rel32_displacement+in_text_target,HIGH,F-U-01
1,forward_sinks,0x51D880,direct_call,0xAF5AEB,0xAF3D50,pdata_boundary+rel32_displacement+in_text_target,HIGH,
1,forward_sinks,0x51D880,direct_call,0xC8576D,0xC856C0,pdata_boundary+rel32_displacement+in_text_target,HIGH,
1,forward_sinks,0x51D880,direct_call,0xDA9AB4,0xDA99A0,pdata_boundary+rel32_displacement+in_text_target,HIGH,
1,forward_sinks,0x51D880,direct_call,0xDAB1E0,0xDA99A0,pdata_boundary+rel32_displacement+in_text_target,HIGH,
1,forward_sinks,0x51D880,direct_call,0xDACA20,0xDA99A0,pdata_boundary+rel32_displacement+in_text_target,HIGH,
1,forward_sinks,0x51D880,direct_call,0xDAE038,0xDA99A0,pdata_boundary+rel32_displacement+in_text_target,HIGH,
1,forward_sinks,0x51D880,direct_call,0xE49014,0xE48B60,pdata_boundary+rel32_displacement+in_text_target,HIGH,
1,forward_sinks,0x51D880,direct_call,0xE51D5C,0xE4E5B0,pdata_boundary+rel32_displacement+in_text_target,HIGH,F-U-01
1,forward_sinks,0x51D880,direct_call,0xE5B0F4,0xE55F50,pdata_boundary+rel32_displacement+in_text_target,HIGH,F-U-01
1,forward_sinks,0x51D880,direct_call,0xE5F316,0xE5D940,pdata_boundary+rel32_displacement+in_text_target,HIGH,F-U-01
1,forward_sinks,0x51D880,direct_call,0xE7E6A2,0xE783B0,pdata_boundary+rel32_displacement+in_text_target,HIGH,F-U-01
1,forward_sinks,0x51D880,direct_call,0xE82816,0xE7FD40,pdata_boundary+rel32_displacement+in_text_target,HIGH,F-U-01
1,forward_sinks,0x51D880,direct_call,0xE92D15,0xE8E540,pdata_boundary+rel32_displacement+in_text_target,HIGH,F-U-01
1,forward_sinks,0x51D880,direct_call,0xFF852A,0xFD1260,pdata_boundary+rel32_displacement+in_text_target,HIGH,F-U-01
1,forward_sinks,0x51DAB0,direct_call,0x100402D,0xFD1260,pdata_boundary+rel32_displacement+in_text_target,HIGH,F-U-01
1,forward_sinks,0x51DAB0,direct_call,0x100C806,0xFD1260,pdata_boundary+rel32_displacement+in_text_target,HIGH,F-U-01
1,forward_sinks,0x51DAB0,direct_call,0x1011944,0x100D1A0,pdata_boundary+rel32_displacement+in_text_target,HIGH,F-U-01
1,forward_sinks,0x51DAB0,direct_call,0x1012951,0x100D1A0,pdata_boundary+rel32_displacement+in_text_target,HIGH,F-U-01
1,forward_sinks,0x51DAB0,direct_call,0x1019180,0x1014550,pdata_boundary+rel32_displacement+in_text_target,HIGH,F-U-01
1,forward_sinks,0x51DAB0,direct_call,0x101B6D9,0x1014550,pdata_boundary+rel32_displacement+in_text_target,HIGH,F-U-01
1,forward_sinks,0x51DAB0,direct_call,0x1020140,0x101C990,pdata_boundary+rel32_displacement+in_text_target,HIGH,F-U-01
1,forward_sinks,0x51DAB0,direct_call,0x10222CA,0x101C990,pdata_boundary+rel32_displacement+in_text_target,HIGH,F-U-01
1,forward_sinks,0x51DAB0,direct_call,0x103B55B,0x1038AC0,pdata_boundary+rel32_displacement+in_text_target,HIGH,F-U-01
1,forward_sinks,0x51DAB0,direct_call,0x103E812,0x1038AC0,pdata_boundary+rel32_displacement+in_text_target,HIGH,F-U-01
1,forward_sinks,0x51DAB0,direct_call,0x105116D,0x104F010,pdata_boundary+rel32_displacement+in_text_target,HIGH,F-U-01
1,forward_sinks,0x51DAB0,direct_call,0x1051F11,0x104F010,pdata_boundary+rel32_displacement+in_text_target,HIGH,F-U-01
1,forward_sinks,0x51DAB0,direct_call,0x12E2033,0x12DD8F0,pdata_boundary+rel32_displacement+in_text_target,HIGH,F-U-01
1,forward_sinks,0x51DAB0,direct_call,0x12E441D,0x12DD8F0,pdata_boundary+rel32_displacement+in_text_target,HIGH,F-U-01
1,forward_sinks,0x51DAB0,direct_call,0x12F2C2F,0x12ECCE0,pdata_boundary+rel32_displacement+in_text_target,HIGH,F-U-01
1,forward_sinks,0x51DAB0,direct_call,0x12F33BC,0x12ECCE0,pdata_boundary+rel32_displacement+in_text_target,HIGH,F-U-01
1,forward_sinks,0x51DAB0,direct_call,0x12F4D96,0x12F3D50,pdata_boundary+rel32_displacement+in_text_target,HIGH,F-U-01
1,forward_sinks,0x51DAB0,direct_call,0x12F63DF,0x12F3D50,pdata_boundary+rel32_displacement+in_text_target,HIGH,F-U-01
1,forward_sinks,0x51DAB0,direct_call,0x136CFB6,0x1367630,pdata_boundary+rel32_displacement+in_text_target,HIGH,F-U-01
1,forward_sinks,0x51DAB0,direct_call,0x136DB7F,0x1367630,pdata_boundary+rel32_displacement+in_text_target,HIGH,F-U-01
1,forward_sinks,0x51DAB0,direct_call,0x13715A0,0x136EBD0,pdata_boundary+rel32_displacement+in_text_target,HIGH,F-U-01
1,forward_sinks,0x51DAB0,direct_call,0x1375890,0x136EBD0,pdata_boundary+rel32_displacement+in_text_target,HIGH,F-U-01
1,forward_sinks,0x51DAB0,direct_call,0x137F554,0x137D1D0,pdata_boundary+rel32_displacement+in_text_target,HIGH,
1,forward_sinks,0x51DAB0,direct_call,0x137FCA2,0x137D1D0,pdata_boundary+rel32_displacement+in_text_target,HIGH,
1,forward_sinks,0x51DAB0,direct_call,0x13960F4,0x1394210,pdata_boundary+rel32_displacement+in_text_target,HIGH,F-U-01
1,forward_sinks,0x51DAB0,direct_call,0x139626F,0x1394210,pdata_boundary+rel32_displacement+in_text_target,HIGH,F-U-01
1,forward_sinks,0x51DAB0,direct_call,0x1685A2C,0x167F330,pdata_boundary+rel32_displacement+in_text_target,HIGH,F-U-01
1,forward_sinks,0x51DAB0,direct_call,0x16865ED,0x167F330,pdata_boundary+rel32_displacement+in_text_target,HIGH,F-U-01
1,forward_sinks,0x51DAB0,direct_call,0x16DD96B,0x16DB170,pdata_boundary+rel32_displacement+in_text_target,HIGH,F-U-01
1,forward_sinks,0x51DAB0,direct_call,0x16DDAF4,0x16DB170,pdata_boundary+rel32_displacement+in_text_target,HIGH,F-U-01
1,forward_sinks,0x51DAB0,direct_call,0x1752313,0x174C190,pdata_boundary+rel32_displacement+in_text_target,HIGH,
1,forward_sinks,0x51DAB0,direct_call,0x1752F27,0x174C190,pdata_boundary+rel32_displacement+in_text_target,HIGH,
1,forward_sinks,0x51DAB0,direct_call,0x1854788,0x1850510,pdata_boundary+rel32_displacement+in_text_target,HIGH,F-U-01
1,forward_sinks,0x51DAB0,direct_call,0x18553DB,0x1850510,pdata_boundary+rel32_displacement+in_text_target,HIGH,F-U-01
1,forward_sinks,0x51DAB0,direct_call,0x18618A5,0x185B700,pdata_boundary+rel32_displacement+in_text_target,HIGH,F-U-01
1,forward_sinks,0x51DAB0,direct_call,0x1862C87,0x185B700,pdata_boundary+rel32_displacement+in_text_target,HIGH,F-U-01
1,forward_sinks,0x51DAB0,direct_call,0x1AFD767,0x1AFD4A0,pdata_boundary+rel32_displacement+in_text_target,HIGH,
1,forward_sinks,0x51DAB0,direct_call,0x1AFDF46,0x1AFD4A0,pdata_boundary+rel32_displacement+in_text_target,HIGH,
1,forward_sinks,0x51DAB0,direct_call,0x1B0D45A,0x1B0B3A0,pdata_boundary+rel32_displacement+in_text_target,HIGH,
1,forward_sinks,0x51DAB0,direct_call,0x1B0D7FA,0x1B0B3A0,pdata_boundary+rel32_displacement+in_text_target,HIGH,
1,forward_sinks,0x51DAB0,direct_call,0x1B0F35D,0x1B0B3A0,pdata_boundary+rel32_displacement+in_text_target,HIGH,
1,forward_sinks,0x51DAB0,direct_call,0x1B0F3D6,0x1B0B3A0,pdata_boundary+rel32_displacement+in_text_target,HIGH,
1,forward_sinks,0x51DAB0,direct_call,0x1B1046B,0x1B10230,pdata_boundary+rel32_displacement+in_text_target,HIGH,
1,forward_sinks,0x51DAB0,direct_call,0x1B11E56,0x1B10230,pdata_boundary+rel32_displacement+in_text_target,HIGH,
1,forward_sinks,0x51DAB0,direct_call,0x1B13F73,0x1B12B50,pdata_boundary+rel32_displacement+in_text_target,HIGH,
1,forward_sinks,0x51DAB0,direct_call,0x1B140F4,0x1B12B50,pdata_boundary+rel32_displacement+in_text_target,HIGH,
1,forward_sinks,0x51DAB0,direct_call,0x291E79F,0x291E560,pdata_boundary+rel32_displacement+in_text_target,HIGH,
1,forward_sinks,0x51DAB0,direct_call,0x291EFE0,0x291E560,pdata_boundary+rel32_displacement+in_text_target,HIGH,
1,forward_sinks,0x51DAB0,direct_call,0x4F699F,0x4F2B50,pdata_boundary+rel32_displacement+in_text_target,HIGH,F-U-01
1,forward_sinks,0x51DAB0,direct_call,0x4F7B65,0x4F2B50,pdata_boundary+rel32_displacement+in_text_target,HIGH,F-U-01
1,forward_sinks,0x51DAB0,direct_call,0x4FC64E,0x4FA0C0,pdata_boundary+rel32_displacement+in_text_target,HIGH,F-U-01
1,forward_sinks,0x51DAB0,direct_call,0x4FF2A2,0x4FA0C0,pdata_boundary+rel32_displacement+in_text_target,HIGH,F-U-01
1,forward_sinks,0x51DAB0,direct_call,0xAF58EB,0xAF3D50,pdata_boundary+rel32_displacement+in_text_target,HIGH,
1,forward_sinks,0x51DAB0,direct_call,0xAF5970,0xAF3D50,pdata_boundary+rel32_displacement+in_text_target,HIGH,
1,forward_sinks,0x51DAB0,direct_call,0xC85917,0xC856C0,pdata_boundary+rel32_displacement+in_text_target,HIGH,
1,forward_sinks,0x51DAB0,direct_call,0xC86177,0xC856C0,pdata_boundary+rel32_displacement+in_text_target,HIGH,
1,forward_sinks,0x51DAB0,direct_call,0xDA9C56,0xDA99A0,pdata_boundary+rel32_displacement+in_text_target,HIGH,
1,forward_sinks,0x51DAB0,direct_call,0xDAA471,0xDA99A0,pdata_boundary+rel32_displacement+in_text_target,HIGH,
1,forward_sinks,0x51DAB0,direct_call,0xDAB389,0xDA99A0,pdata_boundary+rel32_displacement+in_text_target,HIGH,
1,forward_sinks,0x51DAB0,direct_call,0xDABBD7,0xDA99A0,pdata_boundary+rel32_displacement+in_text_target,HIGH,
1,forward_sinks,0x51DAB0,direct_call,0xDACBC6,0xDA99A0,pdata_boundary+rel32_displacement+in_text_target,HIGH,
1,forward_sinks,0x51DAB0,direct_call,0xDAD3F5,0xDA99A0,pdata_boundary+rel32_displacement+in_text_target,HIGH,
1,forward_sinks,0x51DAB0,direct_call,0xDAE1DA,0xDA99A0,pdata_boundary+rel32_displacement+in_text_target,HIGH,
1,forward_sinks,0x51DAB0,direct_call,0xDAE9F5,0xDA99A0,pdata_boundary+rel32_displacement+in_text_target,HIGH,
1,forward_sinks,0x51DAB0,direct_call,0xE49228,0xE48B60,pdata_boundary+rel32_displacement+in_text_target,HIGH,
1,forward_sinks,0x51DAB0,direct_call,0xE49C5F,0xE48B60,pdata_boundary+rel32_displacement+in_text_target,HIGH,
1,forward_sinks,0x51DAB0,direct_call,0xE5395B,0xE4E5B0,pdata_boundary+rel32_displacement+in_text_target,HIGH,F-U-01
1,forward_sinks,0x51DAB0,direct_call,0xE5495F,0xE4E5B0,pdata_boundary+rel32_displacement+in_text_target,HIGH,F-U-01
1,forward_sinks,0x51DAB0,direct_call,0xE5CA25,0xE55F50,pdata_boundary+rel32_displacement+in_text_target,HIGH,F-U-01
1,forward_sinks,0x51DAB0,direct_call,0xE5CDB7,0xE55F50,pdata_boundary+rel32_displacement+in_text_target,HIGH,F-U-01
1,forward_sinks,0x51DAB0,direct_call,0xE5E521,0xE5D940,pdata_boundary+rel32_displacement+in_text_target,HIGH,F-U-01
1,forward_sinks,0x51DAB0,direct_call,0xE62755,0xE5D940,pdata_boundary+rel32_displacement+in_text_target,HIGH,F-U-01
1,forward_sinks,0x51DAB0,direct_call,0xE7B947,0xE783B0,pdata_boundary+rel32_displacement+in_text_target,HIGH,F-U-01
1,forward_sinks,0x51DAB0,direct_call,0xE7BAED,0xE783B0,pdata_boundary+rel32_displacement+in_text_target,HIGH,F-U-01
1,forward_sinks,0x51DAB0,direct_call,0xE83A59,0xE7FD40,pdata_boundary+rel32_displacement+in_text_target,HIGH,F-U-01
1,forward_sinks,0x51DAB0,direct_call,0xE8559A,0xE7FD40,pdata_boundary+rel32_displacement+in_text_target,HIGH,F-U-01
1,forward_sinks,0x51DAB0,direct_call,0xE9283F,0xE8E540,pdata_boundary+rel32_displacement+in_text_target,HIGH,F-U-01
1,forward_sinks,0x51DAB0,direct_call,0xE93D84,0xE8E540,pdata_boundary+rel32_displacement+in_text_target,HIGH,F-U-01
1,forward_sinks,0x51DAB0,direct_call,0xFE834D,0xFD1260,pdata_boundary+rel32_displacement+in_text_target,HIGH,F-U-01
1,forward_sinks,0x51DAB0,direct_call,0xFE9651,0xFD1260,pdata_boundary+rel32_displacement+in_text_target,HIGH,F-U-01
1,forward_sinks,0x51DAB0,direct_call,0xFECB5A,0xFD1260,pdata_boundary+rel32_displacement+in_text_target,HIGH,F-U-01
1,forward_sinks,0x51DAB0,direct_call,0xFF5F12,0xFD1260,pdata_boundary+rel32_displacement+in_text_target,HIGH,F-U-01
1,forward_sinks,0x51DAB0,direct_call,0xFF70C4,0xFD1260,pdata_boundary+rel32_displacement+in_text_target,HIGH,F-U-01
1,forward_sinks,0x51DAB0,direct_call,0xFFA4C8,0xFD1260,pdata_boundary+rel32_displacement+in_text_target,HIGH,F-U-01
1,forward_sinks,0x51DC60,direct_call,0x1011B0F,0x100D1A0,pdata_boundary+rel32_displacement+in_text_target,HIGH,F-U-01
1,forward_sinks,0x51DC60,direct_call,0x101B67B,0x1014550,pdata_boundary+rel32_displacement+in_text_target,HIGH,F-U-01
1,forward_sinks,0x51DC60,direct_call,0x1023046,0x101C990,pdata_boundary+rel32_displacement+in_text_target,HIGH,F-U-01
1,forward_sinks,0x51DC60,direct_call,0x103F5A5,0x1038AC0,pdata_boundary+rel32_displacement+in_text_target,HIGH,F-U-01
1,forward_sinks,0x51DC60,direct_call,0x1055164,0x104F010,pdata_boundary+rel32_displacement+in_text_target,HIGH,F-U-01
1,forward_sinks,0x51DC60,direct_call,0x12E437F,0x12DD8F0,pdata_boundary+rel32_displacement+in_text_target,HIGH,F-U-01
1,forward_sinks,0x51DC60,direct_call,0x12F0DC1,0x12ECCE0,pdata_boundary+rel32_displacement+in_text_target,HIGH,F-U-01
1,forward_sinks,0x51DC60,direct_call,0x12FA7A2,0x12F3D50,pdata_boundary+rel32_displacement+in_text_target,HIGH,F-U-01
1,forward_sinks,0x51DC60,direct_call,0x136EB60,0x1367630,pdata_boundary+rel32_displacement+in_text_target,HIGH,F-U-01
1,forward_sinks,0x51DC60,direct_call,0x1375AAD,0x136EBD0,pdata_boundary+rel32_displacement+in_text_target,HIGH,F-U-01
1,forward_sinks,0x51DC60,direct_call,0x137EE16,0x137D1D0,pdata_boundary+rel32_displacement+in_text_target,HIGH,
1,forward_sinks,0x51DC60,direct_call,0x139AFD9,0x1394210,pdata_boundary+rel32_displacement+in_text_target,HIGH,F-U-01
1,forward_sinks,0x51DC60,direct_call,0x1681532,0x167F330,pdata_boundary+rel32_displacement+in_text_target,HIGH,F-U-01
1,forward_sinks,0x51DC60,direct_call,0x16DCECF,0x16DB170,pdata_boundary+rel32_displacement+in_text_target,HIGH,F-U-01
1,forward_sinks,0x51DC60,direct_call,0x1750CC5,0x174C190,pdata_boundary+rel32_displacement+in_text_target,HIGH,
1,forward_sinks,0x51DC60,direct_call,0x1851D9A,0x1850510,pdata_boundary+rel32_displacement+in_text_target,HIGH,F-U-01
1,forward_sinks,0x51DC60,direct_call,0x185E0A8,0x185B700,pdata_boundary+rel32_displacement+in_text_target,HIGH,F-U-01
1,forward_sinks,0x51DC60,direct_call,0x1AFD8FB,0x1AFD4A0,pdata_boundary+rel32_displacement+in_text_target,HIGH,
1,forward_sinks,0x51DC60,direct_call,0x1B0C2FB,0x1B0B3A0,pdata_boundary+rel32_displacement+in_text_target,HIGH,
1,forward_sinks,0x51DC60,direct_call,0x1B0D721,0x1B0B3A0,pdata_boundary+rel32_displacement+in_text_target,HIGH,
1,forward_sinks,0x51DC60,direct_call,0x1B12086,0x1B10230,pdata_boundary+rel32_displacement+in_text_target,HIGH,
1,forward_sinks,0x51DC60,direct_call,0x1B14201,0x1B12B50,pdata_boundary+rel32_displacement+in_text_target,HIGH,
1,forward_sinks,0x51DC60,direct_call,0x291E953,0x291E560,pdata_boundary+rel32_displacement+in_text_target,HIGH,
1,forward_sinks,0x51DC60,direct_call,0x4F4998,0x4F2B50,pdata_boundary+rel32_displacement+in_text_target,HIGH,F-U-01
1,forward_sinks,0x51DC60,direct_call,0x4FBD13,0x4FA0C0,pdata_boundary+rel32_displacement+in_text_target,HIGH,F-U-01
1,forward_sinks,0x51DC60,direct_call,0xAF5E4A,0xAF3D50,pdata_boundary+rel32_displacement+in_text_target,HIGH,
1,forward_sinks,0x51DC60,direct_call,0xC85AD1,0xC856C0,pdata_boundary+rel32_displacement+in_text_target,HIGH,
1,forward_sinks,0x51DC60,direct_call,0xDA9DFE,0xDA99A0,pdata_boundary+rel32_displacement+in_text_target,HIGH,
1,forward_sinks,0x51DC60,direct_call,0xDAB53B,0xDA99A0,pdata_boundary+rel32_displacement+in_text_target,HIGH,
1,forward_sinks,0x51DC60,direct_call,0xDACD72,0xDA99A0,pdata_boundary+rel32_displacement+in_text_target,HIGH,
1,forward_sinks,0x51DC60,direct_call,0xDAE382,0xDA99A0,pdata_boundary+rel32_displacement+in_text_target,HIGH,
1,forward_sinks,0x51DC60,direct_call,0xE49438,0xE48B60,pdata_boundary+rel32_displacement+in_text_target,HIGH,
1,forward_sinks,0x51DC60,direct_call,0xE4F84B,0xE4E5B0,pdata_boundary+rel32_displacement+in_text_target,HIGH,F-U-01
1,forward_sinks,0x51DC60,direct_call,0xE58149,0xE55F50,pdata_boundary+rel32_displacement+in_text_target,HIGH,F-U-01
1,forward_sinks,0x51DC60,direct_call,0xE64200,0xE5D940,pdata_boundary+rel32_displacement+in_text_target,HIGH,F-U-01
1,forward_sinks,0x51DC60,direct_call,0xE7EDE8,0xE783B0,pdata_boundary+rel32_displacement+in_text_target,HIGH,F-U-01
1,forward_sinks,0x51DC60,direct_call,0xE85A4F,0xE7FD40,pdata_boundary+rel32_displacement+in_text_target,HIGH,F-U-01
1,forward_sinks,0x51DC60,direct_call,0xE94353,0xE8E540,pdata_boundary+rel32_displacement+in_text_target,HIGH,F-U-01
1,forward_sinks,0x51DC60,direct_call,0xFEEDBD,0xFD1260,pdata_boundary+rel32_displacement+in_text_target,HIGH,F-U-01
1,forward_sinks,0x51DC60,direct_call,0xFF8B78,0xFD1260,pdata_boundary+rel32_displacement+in_text_target,HIGH,F-U-01
1,forward_sinks,0x51DC60,direct_call,0xFFAAA5,0xFD1260,pdata_boundary+rel32_displacement+in_text_target,HIGH,F-U-01
1,forward_sinks,0x51DC60,direct_call,0xFFC996,0xFD1260,pdata_boundary+rel32_displacement+in_text_target,HIGH,F-U-01
1,forward_sinks,0x51DDE0,direct_call,0x100B75F,0xFD1260,pdata_boundary+rel32_displacement+in_text_target,HIGH,F-U-01
1,forward_sinks,0x51DDE0,direct_call,0x1010733,0x100D1A0,pdata_boundary+rel32_displacement+in_text_target,HIGH,F-U-01
1,forward_sinks,0x51DDE0,direct_call,0x1019501,0x1014550,pdata_boundary+rel32_displacement+in_text_target,HIGH,F-U-01
1,forward_sinks,0x51DDE0,direct_call,0x1021EB1,0x101C990,pdata_boundary+rel32_displacement+in_text_target,HIGH,F-U-01
1,forward_sinks,0x51DDE0,direct_call,0x103FBCC,0x1038AC0,pdata_boundary+rel32_displacement+in_text_target,HIGH,F-U-01
1,forward_sinks,0x51DDE0,direct_call,0x1055620,0x104F010,pdata_boundary+rel32_displacement+in_text_target,HIGH,F-U-01
1,forward_sinks,0x51DDE0,direct_call,0x12E4991,0x12DD8F0,pdata_boundary+rel32_displacement+in_text_target,HIGH,F-U-01
1,forward_sinks,0x51DDE0,direct_call,0x12F032D,0x12ECCE0,pdata_boundary+rel32_displacement+in_text_target,HIGH,F-U-01
1,forward_sinks,0x51DDE0,direct_call,0x12F8800,0x12F3D50,pdata_boundary+rel32_displacement+in_text_target,HIGH,F-U-01
1,forward_sinks,0x51DDE0,direct_call,0x136BBA5,0x1367630,pdata_boundary+rel32_displacement+in_text_target,HIGH,F-U-01
1,forward_sinks,0x51DDE0,direct_call,0x13714F9,0x136EBD0,pdata_boundary+rel32_displacement+in_text_target,HIGH,F-U-01
1,forward_sinks,0x51DDE0,direct_call,0x137F9A7,0x137D1D0,pdata_boundary+rel32_displacement+in_text_target,HIGH,
1,forward_sinks,0x51DDE0,direct_call,0x1397434,0x1394210,pdata_boundary+rel32_displacement+in_text_target,HIGH,F-U-01
1,forward_sinks,0x51DDE0,direct_call,0x1685418,0x167F330,pdata_boundary+rel32_displacement+in_text_target,HIGH,F-U-01
1,forward_sinks,0x51DDE0,direct_call,0x16DCA71,0x16DB170,pdata_boundary+rel32_displacement+in_text_target,HIGH,F-U-01
1,forward_sinks,0x51DDE0,direct_call,0x17515F5,0x174C190,pdata_boundary+rel32_displacement+in_text_target,HIGH,
1,forward_sinks,0x51DDE0,direct_call,0x185673C,0x1850510,pdata_boundary+rel32_displacement+in_text_target,HIGH,F-U-01
1,forward_sinks,0x51DDE0,direct_call,0x185FCFB,0x185B700,pdata_boundary+rel32_displacement+in_text_target,HIGH,F-U-01
1,forward_sinks,0x51DDE0,direct_call,0x1AFDA14,0x1AFD4A0,pdata_boundary+rel32_displacement+in_text_target,HIGH,
1,forward_sinks,0x51DDE0,direct_call,0x1B0D3E7,0x1B0B3A0,pdata_boundary+rel32_displacement+in_text_target,HIGH,
1,forward_sinks,0x51DDE0,direct_call,0x1B0D784,0x1B0B3A0,pdata_boundary+rel32_displacement+in_text_target,HIGH,
1,forward_sinks,0x51DDE0,direct_call,0x1B11AFC,0x1B10230,pdata_boundary+rel32_displacement+in_text_target,HIGH,
1,forward_sinks,0x51DDE0,direct_call,0x1B1313E,0x1B12B50,pdata_boundary+rel32_displacement+in_text_target,HIGH,
1,forward_sinks,0x51DDE0,direct_call,0x291EA62,0x291E560,pdata_boundary+rel32_displacement+in_text_target,HIGH,
1,forward_sinks,0x51DDE0,direct_call,0x4F8DD5,0x4F2B50,pdata_boundary+rel32_displacement+in_text_target,HIGH,F-U-01
1,forward_sinks,0x51DDE0,direct_call,0x4FEF0C,0x4FA0C0,pdata_boundary+rel32_displacement+in_text_target,HIGH,F-U-01
1,forward_sinks,0x51DDE0,direct_call,0xAF52BA,0xAF3D50,pdata_boundary+rel32_displacement+in_text_target,HIGH,
1,forward_sinks,0x51DDE0,direct_call,0xC85BE7,0xC856C0,pdata_boundary+rel32_displacement+in_text_target,HIGH,
1,forward_sinks,0x51DDE0,direct_call,0xDA9F17,0xDA99A0,pdata_boundary+rel32_displacement+in_text_target,HIGH,
1,forward_sinks,0x51DDE0,direct_call,0xDAB662,0xDA99A0,pdata_boundary+rel32_displacement+in_text_target,HIGH,
1,forward_sinks,0x51DDE0,direct_call,0xDACE8F,0xDA99A0,pdata_boundary+rel32_displacement+in_text_target,HIGH,
1,forward_sinks,0x51DDE0,direct_call,0xDAE49B,0xDA99A0,pdata_boundary+rel32_displacement+in_text_target,HIGH,
1,forward_sinks,0x51DDE0,direct_call,0xE495C3,0xE48B60,pdata_boundary+rel32_displacement+in_text_target,HIGH,
1,forward_sinks,0x51DDE0,direct_call,0xE4EF75,0xE4E5B0,pdata_boundary+rel32_displacement+in_text_target,HIGH,F-U-01
1,forward_sinks,0x51DDE0,direct_call,0xE5C2C8,0xE55F50,pdata_boundary+rel32_displacement+in_text_target,HIGH,F-U-01
1,forward_sinks,0x51DDE0,direct_call,0xE61F37,0xE5D940,pdata_boundary+rel32_displacement+in_text_target,HIGH,F-U-01
1,forward_sinks,0x51DDE0,direct_call,0xE7BC98,0xE783B0,pdata_boundary+rel32_displacement+in_text_target,HIGH,F-U-01
1,forward_sinks,0x51DDE0,direct_call,0xE842C3,0xE7FD40,pdata_boundary+rel32_displacement+in_text_target,HIGH,F-U-01
1,forward_sinks,0x51DDE0,direct_call,0xE93FDA,0xE8E540,pdata_boundary+rel32_displacement+in_text_target,HIGH,F-U-01
1,forward_sinks,0x51DDE0,direct_call,0xFE1A47,0xFD1260,pdata_boundary+rel32_displacement+in_text_target,HIGH,F-U-01
1,forward_sinks,0x51DDE0,direct_call,0xFF84C4,0xFD1260,pdata_boundary+rel32_displacement+in_text_target,HIGH,F-U-01
1,forward_sinks,0x51DDE0,direct_call,0xFFF0B0,0xFD1260,pdata_boundary+rel32_displacement+in_text_target,HIGH,F-U-01
1,forward_sinks,0x51DFF0,direct_call,0x100788F,0xFD1260,pdata_boundary+rel32_displacement+in_text_target,HIGH,F-U-01
1,forward_sinks,0x51DFF0,direct_call,0x1009023,0xFD1260,pdata_boundary+rel32_displacement+in_text_target,HIGH,F-U-01
1,forward_sinks,0x51DFF0,direct_call,0x1013034,0x100D1A0,pdata_boundary+rel32_displacement+in_text_target,HIGH,F-U-01
1,forward_sinks,0x51DFF0,direct_call,0x101B96C,0x1014550,pdata_boundary+rel32_displacement+in_text_target,HIGH,F-U-01
1,forward_sinks,0x51DFF0,direct_call,0x1022324,0x101C990,pdata_boundary+rel32_displacement+in_text_target,HIGH,F-U-01
1,forward_sinks,0x51DFF0,direct_call,0x103B8F7,0x1038AC0,pdata_boundary+rel32_displacement+in_text_target,HIGH,F-U-01
1,forward_sinks,0x51DFF0,direct_call,0x1055717,0x104F010,pdata_boundary+rel32_displacement+in_text_target,HIGH,F-U-01
1,forward_sinks,0x51DFF0,direct_call,0x12DFDDB,0x12DD8F0,pdata_boundary+rel32_displacement+in_text_target,HIGH,F-U-01
1,forward_sinks,0x51DFF0,direct_call,0x12F3AB3,0x12ECCE0,pdata_boundary+rel32_displacement+in_text_target,HIGH,F-U-01
1,forward_sinks,0x51DFF0,direct_call,0x12F71AA,0x12F3D50,pdata_boundary+rel32_displacement+in_text_target,HIGH,F-U-01
1,forward_sinks,0x51DFF0,direct_call,0x136CECE,0x1367630,pdata_boundary+rel32_displacement+in_text_target,HIGH,F-U-01
1,forward_sinks,0x51DFF0,direct_call,0x1373D47,0x136EBD0,pdata_boundary+rel32_displacement+in_text_target,HIGH,F-U-01
1,forward_sinks,0x51DFF0,direct_call,0x137D351,0x137D1D0,pdata_boundary+rel32_displacement+in_text_target,HIGH,
1,forward_sinks,0x51DFF0,direct_call,0x13965A7,0x1394210,pdata_boundary+rel32_displacement+in_text_target,HIGH,F-U-01
1,forward_sinks,0x51DFF0,direct_call,0x1685155,0x167F330,pdata_boundary+rel32_displacement+in_text_target,HIGH,F-U-01
1,forward_sinks,0x51DFF0,direct_call,0x16DB3BA,0x16DB170,pdata_boundary+rel32_displacement+in_text_target,HIGH,F-U-01
1,forward_sinks,0x51DFF0,direct_call,0x174FFA1,0x174C190,pdata_boundary+rel32_displacement+in_text_target,HIGH,
1,forward_sinks,0x51DFF0,direct_call,0x18524DB,0x1850510,pdata_boundary+rel32_displacement+in_text_target,HIGH,F-U-01
1,forward_sinks,0x51DFF0,direct_call,0x185F899,0x185B700,pdata_boundary+rel32_displacement+in_text_target,HIGH,F-U-01
1,forward_sinks,0x51DFF0,direct_call,0x1AFDA4C,0x1AFD4A0,pdata_boundary+rel32_displacement+in_text_target,HIGH,
1,forward_sinks,0x51DFF0,direct_call,0x1B0E932,0x1B0B3A0,pdata_boundary+rel32_displacement+in_text_target,HIGH,
1,forward_sinks,0x51DFF0,direct_call,0x1B0F2EA,0x1B0B3A0,pdata_boundary+rel32_displacement+in_text_target,HIGH,
1,forward_sinks,0x51DFF0,direct_call,0x1B12015,0x1B10230,pdata_boundary+rel32_displacement+in_text_target,HIGH,
1,forward_sinks,0x51DFF0,direct_call,0x1B1354A,0x1B12B50,pdata_boundary+rel32_displacement+in_text_target,HIGH,
1,forward_sinks,0x51DFF0,direct_call,0x291EA94,0x291E560,pdata_boundary+rel32_displacement+in_text_target,HIGH,
1,forward_sinks,0x51DFF0,direct_call,0x4F8696,0x4F2B50,pdata_boundary+rel32_displacement+in_text_target,HIGH,F-U-01
1,forward_sinks,0x51DFF0,direct_call,0x500ABE,0x4FA0C0,pdata_boundary+rel32_displacement+in_text_target,HIGH,F-U-01
1,forward_sinks,0x51DFF0,direct_call,0xAF5328,0xAF3D50,pdata_boundary+rel32_displacement+in_text_target,HIGH,
1,forward_sinks,0x51DFF0,direct_call,0xC85C1D,0xC856C0,pdata_boundary+rel32_displacement+in_text_target,HIGH,
1,forward_sinks,0x51DFF0,direct_call,0xDA9F4F,0xDA99A0,pdata_boundary+rel32_displacement+in_text_target,HIGH,
1,forward_sinks,0x51DFF0,direct_call,0xDAB6A1,0xDA99A0,pdata_boundary+rel32_displacement+in_text_target,HIGH,
1,forward_sinks,0x51DFF0,direct_call,0xDACECB,0xDA99A0,pdata_boundary+rel32_displacement+in_text_target,HIGH,
1,forward_sinks,0x51DFF0,direct_call,0xDAE4D3,0xDA99A0,pdata_boundary+rel32_displacement+in_text_target,HIGH,
1,forward_sinks,0x51DFF0,direct_call,0xE49634,0xE48B60,pdata_boundary+rel32_displacement+in_text_target,HIGH,
1,forward_sinks,0x51DFF0,direct_call,0xE51F09,0xE4E5B0,pdata_boundary+rel32_displacement+in_text_target,HIGH,F-U-01
1,forward_sinks,0x51DFF0,direct_call,0xE5CBBF,0xE55F50,pdata_boundary+rel32_displacement+in_text_target,HIGH,F-U-01
1,forward_sinks,0x51DFF0,direct_call,0xE649A2,0xE5D940,pdata_boundary+rel32_displacement+in_text_target,HIGH,F-U-01
1,forward_sinks,0x51DFF0,direct_call,0xE7F020,0xE783B0,pdata_boundary+rel32_displacement+in_text_target,HIGH,F-U-01
1,forward_sinks,0x51DFF0,direct_call,0xE83AC2,0xE7FD40,pdata_boundary+rel32_displacement+in_text_target,HIGH,F-U-01
1,forward_sinks,0x51DFF0,direct_call,0xE95252,0xE8E540,pdata_boundary+rel32_displacement+in_text_target,HIGH,F-U-01
1,forward_sinks,0x51DFF0,direct_call,0xFF5F7A,0xFD1260,pdata_boundary+rel32_displacement+in_text_target,HIGH,F-U-01
1,forward_sinks,0x51DFF0,direct_call,0xFFCA59,0xFD1260,pdata_boundary+rel32_displacement+in_text_target,HIGH,F-U-01
1,forward_sinks,0xC8F650,direct_call,0x291CB25,0x291CAC0,pdata_boundary+rel32_displacement+in_text_target,HIGH,
1,forward_sinks,0xC8F650,direct_call,0x291D1A4,0x291CAC0,pdata_boundary+rel32_displacement+in_text_target,HIGH,
1,forward_sinks,0xC8F650,direct_call,0xC86477,0xC856C0,pdata_boundary+rel32_displacement+in_text_target,HIGH,
1,forward_sinks,0xC8F650,direct_call,0xC86AF6,0xC856C0,pdata_boundary+rel32_displacement+in_text_target,HIGH,
1,forward_sinks,0xC8F650,direct_call,0xE2FECD,0xE27CD0,pdata_boundary+rel32_displacement+in_text_target,HIGH,
1,forward_sinks,0xC8F650,direct_call,0xE33CD7,0xE27CD0,pdata_boundary+rel32_displacement+in_text_target,HIGH,
1,forward_sinks,0xC8F650,direct_call,0xE34028,0xE27CD0,pdata_boundary+rel32_displacement+in_text_target,HIGH,
1,forward_sinks,0xC8F650,direct_call,0xE34F60,0xE27CD0,pdata_boundary+rel32_displacement+in_text_target,HIGH,
1,forward_sinks,0xC8F650,direct_call,0xE364B2,0xE27CD0,pdata_boundary+rel32_displacement+in_text_target,HIGH,
1,forward_sinks,0xC8F650,direct_call,0xE386B5,0xE27CD0,pdata_boundary+rel32_displacement+in_text_target,HIGH,
1,forward_sinks,0xC8F650,direct_call,0xE3875A,0xE27CD0,pdata_boundary+rel32_displacement+in_text_target,HIGH,
1,forward_sinks,0xC8F650,direct_call,0xE38C14,0xE27CD0,pdata_boundary+rel32_displacement+in_text_target,HIGH,
1,forward_sinks,0xC8F650,direct_call,0xE3A592,0xE27CD0,pdata_boundary+rel32_displacement+in_text_target,HIGH,
1,forward_sinks,0xC8F650,direct_call,0xE3AB08,0xE27CD0,pdata_boundary+rel32_displacement+in_text_target,HIGH,
1,forward_sinks,0xC8F650,direct_call,0xE3C504,0xE27CD0,pdata_boundary+rel32_displacement+in_text_target,HIGH,
1,forward_sinks,0xC8F650,direct_call,0xE3CD3C,0xE27CD0,pdata_boundary+rel32_displacement+in_text_target,HIGH,
1,forward_sinks,0xC8F650,direct_call,0xE3DE62,0xE27CD0,pdata_boundary+rel32_displacement+in_text_target,HIGH,
1,forward_sinks,0xC8F650,direct_call,0xE3DFE3,0xE27CD0,pdata_boundary+rel32_displacement+in_text_target,HIGH,
1,forward_sinks,0xC8F880,direct_call,0x291CB4E,0x291CAC0,pdata_boundary+rel32_displacement+in_text_target,HIGH,
1,forward_sinks,0xC8F880,direct_call,0xC864A0,0xC856C0,pdata_boundary+rel32_displacement+in_text_target,HIGH,
1,forward_sinks,0xC8F880,direct_call,0xE2EFC4,0xE27CD0,pdata_boundary+rel32_displacement+in_text_target,HIGH,
1,forward_sinks,0xC8F880,direct_call,0xE314AC,0xE27CD0,pdata_boundary+rel32_displacement+in_text_target,HIGH,
1,forward_sinks,0xC8F880,direct_call,0xE31CBE,0xE27CD0,pdata_boundary+rel32_displacement+in_text_target,HIGH,
1,forward_sinks,0xC8F880,direct_call,0xE3502F,0xE27CD0,pdata_boundary+rel32_displacement+in_text_target,HIGH,
1,forward_sinks,0xC8F880,direct_call,0xE39026,0xE27CD0,pdata_boundary+rel32_displacement+in_text_target,HIGH,
1,forward_sinks,0xC8F880,direct_call,0xE39A8D,0xE27CD0,pdata_boundary+rel32_displacement+in_text_target,HIGH,
1,forward_sinks,0xC8F880,direct_call,0xE3BBC9,0xE27CD0,pdata_boundary+rel32_displacement+in_text_target,HIGH,
1,forward_sinks,0xC8FAA0,direct_call,0x291CCC5,0x291CAC0,pdata_boundary+rel32_displacement+in_text_target,HIGH,
1,forward_sinks,0xC8FAA0,direct_call,0x291D4E2,0x291CAC0,pdata_boundary+rel32_displacement+in_text_target,HIGH,
1,forward_sinks,0xC8FAA0,direct_call,0xC86617,0xC856C0,pdata_boundary+rel32_displacement+in_text_target,HIGH,
1,forward_sinks,0xC8FAA0,direct_call,0xC86E34,0xC856C0,pdata_boundary+rel32_displacement+in_text_target,HIGH,
1,forward_sinks,0xC8FAA0,direct_call,0xE2F5BD,0xE27CD0,pdata_boundary+rel32_displacement+in_text_target,HIGH,
1,forward_sinks,0xC8FAA0,direct_call,0xE3127D,0xE27CD0,pdata_boundary+rel32_displacement+in_text_target,HIGH,
1,forward_sinks,0xC8FAA0,direct_call,0xE33E50,0xE27CD0,pdata_boundary+rel32_displacement+in_text_target,HIGH,
1,forward_sinks,0xC8FAA0,direct_call,0xE34B59,0xE27CD0,pdata_boundary+rel32_displacement+in_text_target,HIGH,
1,forward_sinks,0xC8FAA0,direct_call,0xE3861D,0xE27CD0,pdata_boundary+rel32_displacement+in_text_target,HIGH,
1,forward_sinks,0xC8FAA0,direct_call,0xE39467,0xE27CD0,pdata_boundary+rel32_displacement+in_text_target,HIGH,
1,forward_sinks,0xC8FAA0,direct_call,0xE396A2,0xE27CD0,pdata_boundary+rel32_displacement+in_text_target,HIGH,
1,forward_sinks,0xC8FAA0,direct_call,0xE39876,0xE27CD0,pdata_boundary+rel32_displacement+in_text_target,HIGH,
1,forward_sinks,0xC8FAA0,direct_call,0xE3AAA7,0xE27CD0,pdata_boundary+rel32_displacement+in_text_target,HIGH,
1,forward_sinks,0xC8FAA0,direct_call,0xE3B05A,0xE27CD0,pdata_boundary+rel32_displacement+in_text_target,HIGH,
1,forward_sinks,0xC8FAA0,direct_call,0xE3C320,0xE27CD0,pdata_boundary+rel32_displacement+in_text_target,HIGH,
1,forward_sinks,0xC8FAA0,direct_call,0xE3CC65,0xE27CD0,pdata_boundary+rel32_displacement+in_text_target,HIGH,
1,forward_sinks,0xC8FAA0,direct_call,0xE3D0E6,0xE27CD0,pdata_boundary+rel32_displacement+in_text_target,HIGH,
1,forward_sinks,0xC8FAA0,direct_call,0xE3D880,0xE27CD0,pdata_boundary+rel32_displacement+in_text_target,HIGH,
1,forward_sinks,0xC8FC00,direct_call,0x291CE0F,0x291CAC0,pdata_boundary+rel32_displacement+in_text_target,HIGH,
1,forward_sinks,0xC8FC00,direct_call,0xC86761,0xC856C0,pdata_boundary+rel32_displacement+in_text_target,HIGH,
1,forward_sinks,0xC8FC00,direct_call,0xE2FE41,0xE27CD0,pdata_boundary+rel32_displacement+in_text_target,HIGH,
1,forward_sinks,0xC8FC00,direct_call,0xE30158,0xE27CD0,pdata_boundary+rel32_displacement+in_text_target,HIGH,
1,forward_sinks,0xC8FC00,direct_call,0xE30264,0xE27CD0,pdata_boundary+rel32_displacement+in_text_target,HIGH,
1,forward_sinks,0xC8FC00,direct_call,0xE31967,0xE27CD0,pdata_boundary+rel32_displacement+in_text_target,HIGH,
1,forward_sinks,0xC8FC00,direct_call,0xE35833,0xE27CD0,pdata_boundary+rel32_displacement+in_text_target,HIGH,
1,forward_sinks,0xC8FC00,direct_call,0xE3C285,0xE27CD0,pdata_boundary+rel32_displacement+in_text_target,HIGH,
1,forward_sinks,0xC8FC00,direct_call,0xE3DF45,0xE27CD0,pdata_boundary+rel32_displacement+in_text_target,HIGH,
1,forward_sinks,0xC8FDE0,direct_call,0x291D027,0x291CAC0,pdata_boundary+rel32_displacement+in_text_target,HIGH,
1,forward_sinks,0xC8FDE0,direct_call,0xC86979,0xC856C0,pdata_boundary+rel32_displacement+in_text_target,HIGH,
1,forward_sinks,0xC8FDE0,direct_call,0xE2FBA8,0xE27CD0,pdata_boundary+rel32_displacement+in_text_target,HIGH,
1,forward_sinks,0xC8FDE0,direct_call,0xE301AD,0xE27CD0,pdata_boundary+rel32_displacement+in_text_target,HIGH,
1,forward_sinks,0xC8FDE0,direct_call,0xE3955E,0xE27CD0,pdata_boundary+rel32_displacement+in_text_target,HIGH,
1,forward_sinks,0xC8FDE0,direct_call,0xE3981A,0xE27CD0,pdata_boundary+rel32_displacement+in_text_target,HIGH,
1,forward_sinks,0xC8FDE0,direct_call,0xE3D4A3,0xE27CD0,pdata_boundary+rel32_displacement+in_text_target,HIGH,
1,forward_sinks,0xC8FDE0,direct_call,0xE3D9BC,0xE27CD0,pdata_boundary+rel32_displacement+in_text_target,HIGH,
1,forward_sinks,0xC8FDE0,direct_call,0xE3DA27,0xE27CD0,pdata_boundary+rel32_displacement+in_text_target,HIGH,
1,forward_sinks,0xC8FF60,direct_call,0x291D050,0x291CAC0,pdata_boundary+rel32_displacement+in_text_target,HIGH,
1,forward_sinks,0xC8FF60,direct_call,0xC869A2,0xC856C0,pdata_boundary+rel32_displacement+in_text_target,HIGH,
1,forward_sinks,0xC8FF60,direct_call,0xE27E3C,0xE27CD0,pdata_boundary+rel32_displacement+in_text_target,HIGH,
1,forward_sinks,0xC8FF60,direct_call,0xE31896,0xE27CD0,pdata_boundary+rel32_displacement+in_text_target,HIGH,
1,forward_sinks,0xC8FF60,direct_call,0xE3645D,0xE27CD0,pdata_boundary+rel32_displacement+in_text_target,HIGH,
1,forward_sinks,0xC8FF60,direct_call,0xE3A359,0xE27CD0,pdata_boundary+rel32_displacement+in_text_target,HIGH,
1,forward_sinks,0xC8FF60,direct_call,0xE3C581,0xE27CD0,pdata_boundary+rel32_displacement+in_text_target,HIGH,
1,forward_sinks,0xC8FF60,direct_call,0xE3CCE4,0xE27CD0,pdata_boundary+rel32_displacement+in_text_target,HIGH,
1,forward_sinks,0xC8FF60,direct_call,0xE3D8F2,0xE27CD0,pdata_boundary+rel32_displacement+in_text_target,HIGH,
