id,component,kind,site_rva,site_va,record_offset,field,access,width_expr,value_expr,target_expr,readers,writers,confidence,status,note
global.region_free_list,table,global,0x30D44E0,0x1830D44E0,,region_free_list,read_write,8,00 00 00 00 00 00 00 00,,0x1D2E8;0x1D507;0x1DE36;0x1DE71,0x1D511,H,confirmed,head of the reusable region list owned by the arena
global.spin_lock,table,global,0x30D44E8,0x1830D44E8,,spin_lock,read_write,4,00 00 00 00,,0x1DCA6;0x1DCD9;0x1DD36;0x1DFBE;0x1E39D;0x1E563,0x1DCA6;0x1DCD9;0x1DD36;0x1DFBE;0x1E39D;0x1E563,H,confirmed,"hand rolled interlocked spin lock, the contention counter is unbounded and every holder re-checks its own precondition, so it is a mutual exclusion lock and not a one shot initialiser | holders: init takes at 0x1DCA3 and releases at 0x1DCD8, re-checks at 0x1DCAD, registrar takes at 0x1DD33 and releases at 0x1DFBD, re-checks at 0x1DD3D, orchestrator takes at 0x1E39A and releases at 0x1E562, re-checks at 0x1E3A4 | the contention counter at 0x1E395 is never compared against a bound, there is no timeout and no attempt cap"
global.heap_handle,table,global,0x30D44F0,0x1830D44F0,,heap_handle,read_write,8,00 00 00 00 00 00 00 00,,0x1DCAF;0x1DD3F;0x1DEA8;0x1DEE7;0x1E098;0x1E196;0x1E3A6;0x1E550,0x1DCC6,H,confirmed,"private KERNEL32!HeapCreate(0, 0, 0) handle, zero in the file and published by its only writer, the init that itself has no direct caller | created at 0x1DCBE by KERNEL32.dll!HeapCreate with three zero arguments and stored at 0x1DCC4 | released at 0x1E55A by KERNEL32.dll!HeapFree on the same handle | KERNEL32.dll!GetProcessHeap is called from 7 sites in the file and 0 of them is inside the component, so this is a private heap and not the process heap"
global.record_array,table,global,0x30D44F8,0x1830D44F8,,record_array,read_write,8,00 00 00 00 00 00 00 00,rec = *(qword *)(0x1830D44F8) + index * 0x38,0x1DDC5;0x1DE92;0x1E14A;0x1E21C;0x1E28C;0x1E3D5;0x1E413;0x1E434;0x1E4B6,0x1DEBD;0x1DF0E,H,confirmed,"pointer to the record array, zero until the registrar allocates it"
global.capacity,table,global,0x30D4500,0x1830D4500,,capacity,read_write,4,00 00 00 00,,0x1DED2;0x1DF07,0x1DE9D;0x1DF07,H,confirmed,allocated record count of the array
global.count,table,global,0x30D4508,0x1830D4508,,count,read_write,4,00 00 00 00,,0x1DDB9;0x1DED8;0x1DF14;0x1E137;0x1E3C2;0x1E406;0x1E43A;0x1E4A1,0x1DF1D,H,confirmed,live record count and the upper bound of every index scan
record.0x00,record,record_field,,,0x00,anchor,read_write,8,"absolute address of the patch anchor, resolved at registration time",rec + 0x00 - 5 * (rec[0x20] & 1),0x1E297;0x1DDD0;0x1E4C1;0x1E17B,0x1DF2B,H,confirmed,"identity key of the record, registration and lookup both compare it"
record.0x08,record,record_field,,,0x08,destination,read_write,8,absolute address that the relative jump resolves to,rec + 0x08,0x1E2ED,0x1DF34,H,confirmed,"read as a low dword only, so the stored value has to fit in 32 bits"
record.0x10,record,record_field,,,0x10,image_base,read_write,8,base of the executable image rebuilt for this record,rec + 0x10 + rec[0x30][i],0x1E1FD,0x1DF3E,H,confirmed,"taken from the arena block, the bytes inside it are produced by the list builder"
record.0x18,record,record_field,,,0x18,original_bytes,write,7,"seven bytes when flag bit 0 is set, otherwise five",snapshot of the bytes that occupy the patch region,,0x1DFAF;0x1DFA0;0x1DFAA,H,confirmed,"copied from live target memory at registration time, no reader in the analysed set, its width equals the seven byte variant of the patch region"
record.0x20,record,record_field,,,0x20,flags,read_write,1,"bit 0 layout, bit 1 skip, bit 2 patched, upper bits preserved on merge","rec + 0x20, one bit per gate",0x1E29B;0x1E156;0x1E3E0;0x1E41C;0x1E4E8,0x1DF5A;0x1E336,H,confirmed,the patcher mutates the record it has just consumed
record.0x24,record,record_field,,,0x24,list_count,read_write,4,"low nibble of the dword, zero when the record carries no list","rec + 0x24 & 0x0F, entry count of both lists",0x1E161;0x1E834,0x1DF74,H,confirmed,"only the low nibble is replaced, the upper three bytes are preserved"
record.0x28,record,record_field,,,0x28,offset_list,read_write,8,"one byte per entry, index zero is the oldest entry",rec + 0x00 + rec[0x28][i],0x1E1E9,0x1DF7E,H,confirmed,"parallel to 0x30, one index selects both halves"
record.0x30,record,record_field,,,0x30,displacement_list,read_write,8,"one byte per entry, offset inside the rebuilt image",rec + 0x10 + rec[0x30][i],0x1E1F7,0x1DF88,H,confirmed,a zero byte makes the matching entry inert
expr.record,address_model,formula,,,,record,,,,rec = *(qword *)(0x1830D44F8) + index * 0x38,,,H,confirmed,"symbolic expression only, no byte or displacement value is emitted"
expr.patch_site,address_model,formula,,,,patch_site,,,,rec + 0x00 - 5 * (rec[0x20] & 1),,,H,confirmed,"symbolic expression only, no byte or displacement value is emitted"
expr.jump_destination,address_model,formula,,,,jump_destination,,,,rec + 0x08,,,H,confirmed,"symbolic expression only, no byte or displacement value is emitted"
expr.relative_displacement,address_model,formula,,,,relative_displacement,,,,rec + 0x08 - patch_site - 5,,,H,confirmed,"symbolic expression only, no byte or displacement value is emitted"
expr.second_store,address_model,formula,,,,second_store,,,,rec + 0x00,,,H,confirmed,"the store lands on the upper edge of the region, not below it, and the stored short jump is the only reference back into the lower five bytes of the region | symbolic expression only, no byte or displacement value is emitted"
expr.region,address_model,formula,,,,region,,,,patch_site .. patch_site + 5 + 2 * (rec[0x20] & 1),,,H,confirmed,"the region is covered by 2 adjacent write groups and not by a single contiguous store | with flag bit 0 set the patch site is rec + 0x00 - 5, so the two groups are adjacent and together they cover the whole seven byte window | symbolic expression only, no byte or displacement value is emitted"
expr.rip_match,address_model,formula,,,,rip_match,,,,rec + 0x00 + rec[0x28][i],,,H,confirmed,"symbolic expression only, no byte or displacement value is emitted"
expr.rip_replacement,address_model,formula,,,,rip_replacement,,,,rec + 0x10 + rec[0x30][i],,,H,confirmed,"symbolic expression only, no byte or displacement value is emitted"
flag.0x1,flags,flag_bit,,,0x20,two_slot_layout,read_write,,0x1,selector of the patch site expression,0x1E2A3;0x1E2FA,0x1E974;0x1DF4F;0x1DF5A,H,confirmed,"set when the anchor is preceded by a run of five identical filler bytes, so the relative jump is placed five bytes lower and the region grows to seven bytes"
flag.0x2,flags,flag_bit,,,0x20,skip,read_write,,0x2,skip gate of every record enumeration,0x1E156;0x1E3E0;0x1E41C;0x1E4E8,0x1E336,H,confirmed,"every enumeration in the analysed set ignores a record with this bit, and the patcher sets it together with bit 2"
flag.0x4,flags,flag_bit,,,0x20,patched,write,,0x4,marker that the patcher already processed the record,,0x1E336,H,confirmed,"written only by the patcher flag update, never read by the analysed set"
flag.0xF8,flags,flag_bit,,,0x20,preserved_bits,write,,0xF8,carried through the registrar merge untouched,,0x1DF53,H,confirmed,"bits 3 to 7 are never cleared by the registrar, which keeps the slot bits and merges only bit 0"
flag.patch_state,flags,patch_flag,0x1E336,0x18001E336,0x20,patch_state,write,1,0x6,rec + 0x20,,0x1E336,H,confirmed,"0x02 skip plus 0x04 patched: a processed record is skipped by every later enumeration in the analysed set and no analysed code clears the skip bit again, so the analysed paths reach a record at most once"
consistency.list_cap_matches_stride,rip_redirect,consistency,,,0x24|0x28|0x30,list_cap_matches_stride,,,enforced_by_builder,rec + 0x00 + rec[0x28][i] -> rec + 0x10 + rec[0x30][i],,,H,confirmed,the entry count has to stay inside the 8 bytes that 0x28 and 0x30 own inside the 0x38 stride | evidence: the builder compares its counter with 0x8 and abandons the record above it
consistency.count_nibble_fits_cap,rip_redirect,consistency,,,0x24|0x28|0x30,count_nibble_fits_cap,,,consistent_with_cap,rec + 0x00 + rec[0x28][i] -> rec + 0x10 + rec[0x30][i],,,H,confirmed,"the stored count dword is reduced to four bits, so a count above fifteen could not survive the merge | evidence: the registrar masks the new count with 0xF and the reader masks with 0xF"
consistency.zero_count_means_empty,rip_redirect,consistency,,,0x24|0x28|0x30,zero_count_means_empty,,,inert_record,rec + 0x00 + rec[0x28][i] -> rec + 0x10 + rec[0x30][i],,,H,confirmed,a zero nibble makes the record inert for the context rewrite even when the eight stored bytes are not zero | evidence: the reader branches out before the first list load when the masked count is zero
consistency.parallel_lists_share_index,rip_redirect,consistency,,,0x24|0x28|0x30,parallel_lists_share_index,,,parallel_by_construction,rec + 0x00 + rec[0x28][i] -> rec + 0x10 + rec[0x30][i],,,H,confirmed,"one loop counter drives both loads, so entry i of 0x28 always pairs with entry i of 0x30 | evidence: the same counter appears in the address of both byte loads"
consistency.defined_but_unused_tail,rip_redirect,consistency,,,0x24|0x28|0x30,defined_but_unused_tail,,,defined_but_unused,rec + 0x00 + rec[0x28][i] -> rec + 0x10 + rec[0x30][i],,,M,confirmed,"the registrar always stores all eight bytes of both lists, so entries beyond the count are defined but never read | evidence: two eight byte stores per record, independent of the count"
caller.0x1E425,patcher,caller,0x1E425,0x18001E425,,,,,index = the loop counter value,rec + 0x00 - 5 * (rec[0x20] & 1),,,H,OPEN,"orchestrator, zero argument branch | index from a loop counter that starts at the first record without flag bit 1 | preconditions: count is non zero, the array is published, the spin lock is taken | on failure: the loop stops and the failure code becomes the return value | activation: the shared gate at 0x1E3A4 tests the private heap handle, whose only writer is the uncalled init, so the path has no satisfying assignment inside the decoded control flow graph | gates: gate 0x1E3A4 cmp qword *(0x1830D44F0), 0 -> 0x2"
caller.0x1E4FD,patcher,caller,0x1E4FD,0x18001E4FD,,,,,index = rec + 0x00 == caller argument,rec + 0x00 - 5 * (rec[0x20] & 1),,,H,OPEN,"orchestrator, non zero argument branch | index from the index of the record whose rec + 0x00 equals the argument | preconditions: a record with a matching anchor exists and has flag bit 1 clear | on failure: the failure code of the patcher becomes the return value | activation: the shared gate at 0x1E3A4 tests the private heap handle, whose only writer is the uncalled init, so the path has no satisfying assignment inside the decoded control flow graph | the path specific gates 0x1E4A6 live record count is zero -> 0x4, 0x1E4E3 flag bit 1 is set on the located record -> 0x5 decide the path only after the shared gate is open | gates: gate 0x1E3A4 cmp qword *(0x1830D44F0), 0 -> 0x2; gate 0x1E4A6 live record count is zero -> 0x4; gate 0x1E4E3 flag bit 1 is set on the located record -> 0x5"
producer.registrar,record,producer,0x1DCF0,0x18001DCF0,,,,,,rec = *(qword *)(0x1830D44F8) + index * 0x38,,,H,confirmed,"allocates the record, fills every field, rejects duplicate anchors"
producer.list_builder,record,producer,0x1E590,0x18001E590,,,,,,,,,H,confirmed,walks the anchor with the length decoder and fills the two byte lists
producer.arena,record,producer,0x1D280,0x18001D280,,,,,,,,,H,confirmed,hands out executable blocks and keeps a reusable region list
producer.init,record,producer,0x1DC80,0x18001DC80,,,,,,,,,H,confirmed,"creates the private heap under the spin lock and publishes it, and has no direct caller in the file"
producer.decoder,record,producer,0x1D550,0x18001D550,,,,,,,,,H,confirmed,supplies instruction lengths to the list builder
consumer.patcher,record,consumer,0x1E270,0x18001E270,,,,,,,,,H,confirmed,"consumes the anchor, the destination and the flag byte"
consumer.rip_redirect,record,consumer,0x1DFF0,0x18001DFF0,,,,,,,,,H,confirmed,consumes both byte lists and the count nibble
consumer.orchestrator,record,consumer,0x1E360,0x18001E360,,,,,,,,,H,confirmed,enumerates records and dispatches both patcher call sites
api.0x1E2D1,patcher,api,0x1E2D1,0x18001E2D1,,KERNEL32.dll!VirtualProtect,call,,,patch_site .. patch_site + 5 + 2 * (rec[0x20] & 1),,,H,confirmed,"return value tested | the region is 2 adjacent write groups, 5 bytes at patch_site .. patch_site + 5 and 2 bytes at patch_site + 5 .. patch_site + 7"
api.0x1E31B,patcher,api,0x1E31B,0x18001E31B,,KERNEL32.dll!VirtualProtect,call,,,patch_site .. patch_site + 5 + 2 * (rec[0x20] & 1),,,H,confirmed,"return value not tested | the region is 2 adjacent write groups, 5 bytes at patch_site .. patch_site + 5 and 2 bytes at patch_site + 5 .. patch_site + 7"
api.0x1E321,patcher,api,0x1E321,0x18001E321,,KERNEL32.dll!GetCurrentProcess,call,,,patch_site .. patch_site + 5 + 2 * (rec[0x20] & 1),,,H,confirmed,"return value not tested | the region is 2 adjacent write groups, 5 bytes at patch_site .. patch_site + 5 and 2 bytes at patch_site + 5 .. patch_site + 7"
api.0x1E330,patcher,api,0x1E330,0x18001E330,,KERNEL32.dll!FlushInstructionCache,call,,,patch_site .. patch_site + 5 + 2 * (rec[0x20] & 1),,,H,confirmed,"return value not tested | the region is 2 adjacent write groups, 5 bytes at patch_site .. patch_site + 5 and 2 bytes at patch_site + 5 .. patch_site + 7"
open.record_instances,unresolved,open_question,,,,record_instances,,,,rec = *(qword *)(0x1830D44F8) + index * 0x38,,,L,OPEN,"which records the table holds at run time, and which module and export each anchor belongs to | the table slot is zero filled in the file and its only writer takes already resolved addresses, so no instance can be enumerated statically"
open.registrar_caller,unresolved,open_question,,,,registrar_caller,,,,,,,L,OPEN,"what invokes the registrar and the init, that is, what supplies the anchor and destination pair and who publishes the private heap | the file contains no direct call site and no rip relative reference to either function, and the init is the only writer of the private heap handle"
open.orchestrator_caller,unresolved,open_question,,,,orchestrator_caller,,,,,,,L,OPEN,"what invokes the orchestrator that holds both patcher call sites | the file contains no direct call site and no rip relative reference to the orchestrator, and its heap gate at 0x1E3A4 tests the private heap handle whose only writer is the uncalled init, so the gate has no satisfying assignment inside the decoded control flow graph and the orchestrator returns 0x2 before either call site"
open.upper_flag_bits,unresolved,open_question,,,,upper_flag_bits,,,,,,,L,OPEN,"what the flag bits 3 to 7 of a record mean and which code sets them | the analysed set only preserves those bits on merge, no reader and no other writer exists in the three consumers"
