mechanism,RVA,fn,target_expr,caller_rvas,activation_cond,status,confidence
thread_snapshot_enumeration,0x1E022;0x1E027;0x1E029,0x1DFF0-0x1E26A,"KERNEL32.dll!CreateToolhelp32Snapshot(dwFlags=TH32CS_SNAPTHREAD 0x4, dwProcessId=0) via the thunk at 0x2BED400",0x1E400;0x1E4F6,"0x1E0D4: enters the function, the out block is always zeroed first AND 0x1E0BA: the snapshot handle is closed on every enumeration exit",OBSERVED,HIGH
thread_snapshot_invalid_handle,0x1E02E,0x1DFF0-0x1E26A,rax == 0xFFFFFFFFFFFFFFFF,0x1E400;0x1E4F6,0x1E032: an invalid snapshot jumps past the enumeration and the thread pass,OBSERVED,HIGH
thread_snapshot_iteration,0x1E04B;0x1E1D7,0x1DFF0-0x1E26A,"KERNEL32.dll!Thread32First and KERNEL32.dll!Thread32Next on a THREADENTRY32 at rsp+0x30, dwSize re-armed to 0x1C before every call",0x1E400;0x1E4F6,0x1E03B: the structure size is armed before the first read AND 0x1E1C7: the structure size is re-armed before every next call AND 0x1E050: the loop condition is the return value of the previous read,OBSERVED,HIGH
thread_entry_size_gate,0x1E054,0x1DFF0-0x1E26A,dword [rsp+0x30] >= 0x10,0x1E400;0x1E4F6,0x1E059: a smaller reported structure drops the thread from the list entirely AND the two identifiers the code reads live at structure offsets 0x08 and 0x0C,OBSERVED,HIGH
thread_owner_process_filter,0x1E05F;0x1E063;0x1E069,0x1DFF0-0x1E26A,th32OwnerProcessID at structure offset 0x0C == KERNEL32.dll!GetCurrentProcessId(),0x1E400;0x1E4F6,0x1E06B: a thread owned by another process is not appended,OBSERVED,HIGH
thread_self_exclusion,0x1E071;0x1E075;0x1E07B,0x1DFF0-0x1E26A,th32ThreadID at structure offset 0x08 != KERNEL32.dll!GetCurrentThreadId(),0x1E400;0x1E4F6,0x1E07D: the calling thread is never suspended by its own walker,OBSERVED,HIGH
thread_id_array_alloc,0x1E08F;0x1E096;0x1E09D;0x1E0A5;0x1E0AB,0x1DFF0-0x1E26A,"KERNEL32.dll!HeapAlloc(heap=*(0x1830D44F0), flags=0, bytes=0x200), published into rcx+0x00",0x1E400;0x1E4F6,0x1E089: only the first accepted thread triggers the allocation AND 0x1E0AE: a null allocation leaves the out block unpublished and the mechanism returns,OBSERVED,HIGH
thread_id_array_grow,0x1E187;0x1E18D;0x1E190;0x1E1A0;0x1E1AF,0x1DFF0-0x1E26A,"KERNEL32.dll!HeapReAlloc(heap=*(0x1830D44F0), flags=0, bytes=capacity*2*0x4)",0x1E400;0x1E4F6,0x1E18B: the append is refused while count is below capacity AND 0x1E1A6: a failed growth closes the snapshot and ends the mechanism,OBSERVED,HIGH
thread_id_array_append,0x1E1B9;0x1E1BC;0x1E1C0;0x1E1C4,0x1DFF0-0x1E26A,"out.array[count++] = th32ThreadID, an element of 0x4 bytes at rcx+0x00, rcx+0x08 capacity, rcx+0x0C count",0x1E400;0x1E4F6,"0x1E0C0: an unpublished array and an empty list both end the mechanism AND the capacity comparison precedes every append, so the array never overruns",OBSERVED,HIGH
empty_list_guard,0x1E0C0;0x1E0CA,0x1DFF0-0x1E26A,rcx+0x00 != 0 AND rcx+0x0C != 0,0x1E400;0x1E4F6,0x1E0C4: a null array or a zero count returns without opening a single thread,OBSERVED,HIGH
record_index_sentinel,0x1E0D7;0x1E0DD;0x1E0E2;0x1E12F;0x1E136,0x1DFF0-0x1E26A,"edx, the record index, or -1 for every record; -1 folds the start index to 0 and the limit to *(dword *)(0x1830D4508)",0x1E400;0x1E4F6,0x1E0E2: the conditional move fires only when index+1 wrapped to zero AND 0x1E134: the count load is skipped unless the argument is the sentinel,OBSERVED,HIGH
record_index_range_check,0x1E13C;0x1E145,0x1DFF0-0x1E26A,"start_index < limit, where limit is index+1 or *(dword *)(0x1830D4508)",0x1E400;0x1E4F6,0x1E13F: a start index at or above the limit closes the handle and skips the record scan AND no other bound on the exclusive limit exists in the function,OBSERVED,HIGH
thread_handle_open,0x1E0ED;0x1E0F2;0x1E0F4,0x1DFF0-0x1E26A,"KERNEL32.dll!OpenThread(dwDesiredAccess=0x5A, bInheritHandle=FALSE, dwThreadId=out.array[i])",0x1E400;0x1E4F6,0x1E0FD: a failed open advances the thread cursor with no other effect AND 0x5A decomposes into THREAD_SUSPEND_RESUME + THREAD_GET_CONTEXT + THREAD_SET_CONTEXT + THREAD_QUERY_INFORMATION,OBSERVED,HIGH
thread_suspend,0x1E109,0x1DFF0-0x1E26A,"KERNEL32.dll!SuspendThread(handle), result not examined",0x1E400;0x1E4F6,"reached for every successfully opened thread, unconditionally after the open test AND the suspend count is not read back or compared anywhere in the function",OBSERVED,HIGH
context_request_mask,0x1E10F,0x1DFF0-0x1E26A,"[rsp + 0x60] = 0x100001, the ContextFlags field at ctx = rsp + 0x30 plus 0x30",0x1E400;0x1E4F6,"written once per thread immediately before the context read AND the value equals CONTEXT_CONTROL 0x100000 with the low bit set, so only the control fields are requested",OBSERVED,HIGH
context_buffer_layout,0x1E117;0x1E1FC,0x1DFF0-0x1E26A,"ctx = rsp + 0x30, a 0x4D0 byte structure, and the frame is 0x508 bytes so structure plus cookie ends exactly at the cookie slot",0x1E400;0x1E4F6,"the same frame slot holds the thread entry structure first and the context afterwards, never at the same time AND 0x1E0DC: enumeration completes before any context field is touched",OBSERVED,HIGH
context_get,0x1E11F;0x1E125,0x1DFF0-0x1E26A,"KERNEL32.dll!GetThreadContext(handle, ctx)",0x1E400;0x1E4F6,"0x1E127: a failed read closes the handle and skips the record scan for that thread AND the thread stays suspended on this branch, the resume belongs to the caller",OBSERVED,HIGH
context_rip_read,0x1E173,0x1DFF0-0x1E26A,"ctx + 0xF8, reached as [rsp + 0x128]",0x1E400;0x1E4F6,"read once per record, after the skip and count gates have passed AND this is the only context field the function reads",OBSERVED,HIGH
record_table_scan,0x1E148;0x1E14F;0x1E152,0x1DFF0-0x1E26A,rec = *(qword *)(0x1830D44F8) + index * 0x38; the same global the inline patcher and the orchestrator walk,0x1E400;0x1E4F6,"0x1E148: loaded once per thread, before the record loop AND 0x1E21A: reloaded after every applied context, so a growth during the walk cannot leave a stale pointer",OBSERVED,HIGH
record_skip_gate,0x1E156,0x1DFF0-0x1E26A,(rec + 0x20) & 0x2,0x1E400;0x1E4F6,"0x1E15B: a set skip bit advances the record cursor without touching the context AND the same bit is what the inline patcher raises, so a patched record disappears from both mechanisms",OBSERVED,HIGH
record_entry_count_gate,0x1E161;0x1E165;0x1E169,0x1DFF0-0x1E26A,(rec + 0x24) & 0xF,0x1E400;0x1E4F6,"0x1E169: a zero nibble abandons the record before the first list load AND the count is reduced to four bits, so a stored count above fifteen is indistinguishable from its low nibble",OBSERVED,HIGH
rip_match_reconstruction,0x1E1E9;0x1E1EF;0x1E1F2,0x1DFF0-0x1E26A,"rec + 0x00 + rec[0x28][i] == ctx + 0xF8; rec[0x28][i], byte built as the instruction start offset from rec + 0x00",0x1E400;0x1E4F6,"0x1E1F5: equality against the saved instruction pointer must hold exactly AND the byte is zero extended, so a match offset is an unsigned value in 0 to 255",OBSERVED,HIGH
rip_target_reconstruction,0x1E1F7;0x1E1FD,0x1DFF0-0x1E26A,"rec + 0x10 + rec[0x30][i]; rec[0x30][i], byte built as the window cursor past that instruction",0x1E400;0x1E4F6,"the two lists are indexed by the same cursor, so entry i of 0x28 always pairs with entry i of 0x30 AND the target is the rebuilt image base plus the window cursor past the matched instruction, that is the continuation of the same relative position",OBSERVED,HIGH
rip_zero_target_gate,0x1E202,0x1DFF0-0x1E26A,(rec + 0x10 + rec[0x30][i]) != 0,0x1E400;0x1E4F6,"0x1E202: a zero sum abandons the whole record, not only the current entry AND no separate test of the image base field exists, only the test of the sum",OBSERVED,MEDIUM
context_rip_write,0x1E204,0x1DFF0-0x1E26A,"[rsp + 0x128] = rec + 0x10 + rec[0x30][i], the frame copy of CONTEXT.Rip",0x1E400;0x1E4F6,"written before the apply, so the frame copy is updated whether or not the apply succeeds AND the next record reads this same slot, which chains a further redirect onto the new value",OBSERVED,HIGH
context_set,0x1E214,0x1DFF0-0x1E26A,"KERNEL32.dll!SetThreadContext(handle, ctx), result not examined",0x1E400;0x1E4F6,"reached only after an exact instruction pointer match and a non zero target AND at most one apply per record, because the entry loop is abandoned on the way out of the match",OBSERVED,HIGH
context_entry_loop_single_shot,0x1E21A;0x1E221,0x1DFF0-0x1E26A,"the match branch leaves through the record advance, not back into the entry cursor",0x1E400;0x1E4F6,"0x1E1E7: a miss re-enters the entry loop AND a hit falls through to the record advance, so a record contributes at most one apply per thread",OBSERVED,HIGH
record_chain_continuation,0x1E173;0x1E221;0x1E227,0x1DFF0-0x1E26A,the next record compares against the value the previous record wrote into the frame copy,0x1E400;0x1E4F6,"the record loop keeps running after an apply, up to the exclusive limit AND the number of applies per thread is therefore bounded by the number of scanned records",OBSERVED,HIGH
thread_handle_close,0x1E22D;0x1E230;0x1E236;0x1E23C,0x1DFF0-0x1E26A,KERNEL32.dll!CloseHandle(handle) on every path that opened a thread handle,0x1E400;0x1E4F6,"the same register carries the snapshot handle first and the thread handles afterwards, and the snapshot is closed before any thread is opened AND 0x1E23F: the thread loop runs until the identifier count is reached",OBSERVED,HIGH
thread_resume_inside_subject,none,0x1DFF0-0x1E26A,KERNEL32.dll!ResumeThread is not called anywhere between 0x1DFF0 and 0x1E26A,0x1E400;0x1E4F6,"every thread this function suspends stays suspended when the function returns AND the resume is performed by the caller, see thread_resume_in_caller",ABSENT,HIGH
thread_resume_in_caller,0x1E484;0x1E537,0x1E360-0x1E583,"KERNEL32.dll!ResumeThread on a freshly opened handle per collected thread identifier, two duplicated blocks",0x1E400;0x1E4F6,"0x1E45C: an empty identifier list skips the resume pass AND 0x1E479: a failed re-open skips the resume for that identifier AND exactly one suspend and one resume per identifier, so a pre-existing suspend count is preserved",ASYMMETRIC,HIGH
caller_lock_discipline,0x1E39A;0x1E38F;0x1E562,0x1E360-0x1E583,"lock cmpxchg and xchg on *(dword *)(0x1830D44E8), a hand rolled once flag",0x1E400;0x1E4F6,"both call sites sit between the take and the drop, so the subject runs with the flag held AND 0x1E3A2: a losing contender sleeps and retries instead of proceeding AND the subject itself neither takes nor releases the flag",OBSERVED,HIGH
caller_heap_ownership,0x1E096;0x1E54E;0x1E55A,0x1DFF0-0x1E26A;0x1E360-0x1E583,KERNEL32.dll!HeapAlloc and KERNEL32.dll!HeapFree both use *(qword *)(0x1830D44F0),0x1E400;0x1E4F6,"the subject allocates the identifier array, the caller frees it AND 0x1E451: a null array skips the free, and a null array is the only case where the free is skipped AND the same heap global also backs the record array, so both structures share one allocator",OBSERVED,HIGH
caller_ordering_redirect_before_patch,0x1E400;0x1E425;0x1E4F6;0x1E4FD,0x1E360-0x1E583,the redirect call precedes the inline patcher call on both paths,0x1E400;0x1E4F6,bulk path 0x1E400 then 0x1E425 AND single path 0x1E4F6 then 0x1E4FD AND the thread is therefore suspended and moved before the bytes it is about to run are replaced,OBSERVED,HIGH
patch_flag_0x06,0x1E336,0x1E270-0x1E357,(rec + 0x20) |= 0x6,0x1E425;0x1E4FD,"the mask raises 0x2 and 0x4 in one store AND the skip bit is read by both mechanisms, the patched bit is read by neither AND because the flag is written after the redirect, the redirect always sees the bit clear on the first pass",OBSERVED,HIGH
list_provenance_0x28,0x1E844;0x1E85E,0x1E590-0x1E9D0,"rec[0x28][i], byte built as the instruction start offset from rec + 0x00",none_static,0x1E837: a ninth entry abandons the whole descriptor AND 0x1E829: the decoded length and the opcode derived length must agree before an entry is stored,OBSERVED,HIGH
list_provenance_0x30,0x1E82D;0x1E849;0x1E863,0x1E590-0x1E9D0,"rec[0x30][i], byte built as the window cursor past that instruction",none_static,"0x1E82F: the window is capped at 0x32 bytes AND the captured cursor is the offset just past the instruction, so the redirect lands on the continuation and not on the instruction start",OBSERVED,HIGH
list_entry_cap,0x1E834;0x1E837,0x1E590-0x1E9D0;0x1DFF0-0x1E26A,"8 entries, 0x8 bytes owned by 0x28 and 0x30 inside the 0x38 byte stride",none_static,"the builder refuses the ninth entry, so the count can never exceed the eight stored bytes AND the subject masks the count to four bits, which is wider than the cap",OBSERVED,HIGH
suspend_result_unchecked,0x1E109,0x1DFF0-0x1E26A,the return value of KERNEL32.dll!SuspendThread is discarded,0x1E400;0x1E4F6,no test follows the call before the context read AND a suspend that did not take effect leaves the context read and the apply racing a running thread,OBSERVED,HIGH
set_context_result_unchecked,0x1E214,0x1DFF0-0x1E26A,the return value of KERNEL32.dll!SetThreadContext is discarded,0x1E400;0x1E4F6,"no test follows the call, the next instruction reloads the record array AND the frame copy of the instruction pointer was already written, so a rejected apply still advances the value the next record compares against",OBSERVED,MEDIUM
error_branch_get_context,0x1E127,0x1DFF0-0x1E26A,GetThreadContext returned zero,0x1E400;0x1E4F6,the handle is closed and the thread cursor advances AND no record is scanned and no status is propagated to the caller,OBSERVED,HIGH
error_branch_open_thread,0x1E0FD,0x1DFF0-0x1E26A,OpenThread returned a null handle,0x1E400;0x1E4F6,"the thread cursor advances without suspending, reading or writing anything AND the identifier stays in the array, so the caller still resumes a thread that was never suspended",OBSERVED,HIGH
error_branch_snapshot_and_alloc,0x1E032;0x1E052;0x1E0B1;0x1E0AE;0x1E1A9,0x1DFF0-0x1E26A,"invalid snapshot handle, a failed first read, a failed allocation or a failed growth",0x1E400;0x1E4F6,"every one of these ends the function without a status word AND the function has no return value, so none of them reaches the caller",OBSERVED,HIGH
no_general_purpose_registers_captured,none,0x1DFF0-0x1E26A,no field other than CONTEXT.Rip is read or written; the request mask selects the control group only,0x1E400;0x1E4F6,"the redirected thread resumes with the register state of the old location, not of the new one AND the mechanism is therefore only sound where the target is a fresh entry that re-establishes state, which is not decidable from the file",ABSENT,MEDIUM
record_image_base_not_tested,0x1E1FD,0x1DFF0-0x1E26A,"only the sum with rec + 0x10 is tested, never the field itself",0x1E400;0x1E4F6,"a null image base combined with a non zero target byte passes the gate AND the writer of the field is the registrar, and whether it can publish a null is not decidable from the record layout alone",OBSERVED,MEDIUM
caller_dead_sentinel_branch,0x1E4D4;0x1E4D7,0x1E360-0x1E583,the found record index is compared against the sentinel after a successful search,0x1E400;0x1E4F6,"the search only succeeds for an index below the live count, which is non zero on this path AND so the branch cannot be taken and the single path never aborts here",OBSERVED,HIGH
caller_status_codes,0x1E3CC;0x1E3AE;0x1E4A6;0x1E4E3;0x1E502,0x1E360-0x1E583,"zero on the bulk success paths, 2 when the heap handle is unpublished, 4 when the single lookup finds nothing, 5 when the found record carries the skip bit, otherwise the code returned by the inline patcher",0x1E400;0x1E4F6,"no code is produced for a redirect that did not happen, the subject has no return value AND 0x1E400: the bulk path discards whatever the subject leaves in the return register AND 0x1E4F6: the single path discards it as well",OBSERVED,HIGH
subject_not_address_taken,none,0x1DFF0-0x1E26A,"no absolute pointer, no rip relative reference and no function pointer slot refers to the subject",0x1E400;0x1E4F6,the only references are the two direct call sites and the exception directory entry AND no indirect invocation path exists in the file,ABSENT,HIGH
thread_handle_api_inventory,0x1E029;0x1E04B;0x1E1D7;0x1E0F4;0x1E109;0x1E11F;0x1E214;0x1E230,0x1DFF0-0x1E26A,"CreateToolhelp32Snapshot, Thread32First, Thread32Next, OpenThread, SuspendThread, GetThreadContext, SetThreadContext, CloseHandle",0x1E400;0x1E4F6,eight distinct thread lifecycle imports and no others are referenced in the range AND the only writes performed are the two import thunks and the instruction pointer inside the frame copy,OBSERVED,HIGH
orchestrator_invocation_open,none,0x1E360-0x1E583,the orchestrator that owns both call sites has no direct caller and no rip relative reference in the file,none_static,"not statically reachable, the activation of the whole mechanism is an open question",UNRESOLVED,LOW
record_instance_contents_open,none,0x1DCF0-0x1DFE1,*(qword *)(0x1830D44F8) is zero filled in the file and the slot has no image relative initialiser,none_static,"no record can be enumerated statically, so no concrete anchor, image base or list content is known AND every per record statement stays conditional on run time instance data",UNRESOLVED,LOW
