mechanism,RVA,fn,target_kind,target_expr,caller_rvas,activation_cond,status,confidence
toolhelp_install_entry,0xC8CE70,0xC8CE70-0xC8CF24,internal_rva,"no direct call, no RVA/VA literal, no static function pointer",none_static,not statically reachable,UNRESOLVED,HIGH
toolhelp_install_address_literals,0xC8CE70,0xC8CE70-0xC8CF24,whole_image_set,whole-file occurrences of this entry: rva32=1 va64=0; rva32 occurrences inside the exception directory=1,n/a,n/a,ABSENT,HIGH
toolhelp_install_module_handle,0xC8CEB5,0xC8CE70-0xC8CF24,import_iat_slot,IAT 0x2E4D380 KERNEL32.dll!GetModuleHandleA; rcx=rip_string:0x2E112EE; rdx=incoming; r8=incoming; r9=incoming,n/a,rax == rcx+0x44 [jle -> 0xC8CEDE] AND 0x317E3A0 (.data) == 0xFFFFFFFF [jne -> 0xC8CEDE],OBSERVED,HIGH
toolhelp_install_target_resolution,0xC8CEC5,0xC8CE70-0xC8CF24,resolved_export,module=KERNEL32.dll!GetModuleHandleA symbol=CreateToolhelp32Snapshot,n/a,rax == rcx+0x44 [jle -> 0xC8CEDE] AND 0x317E3A0 (.data) == 0xFFFFFFFF [jne -> 0xC8CEDE],OBSERVED,HIGH
toolhelp_install_target_null_check,0xC8CEC5,0xC8CE70-0xC8CF24,absent_mechanism,export-resolution return value is not compared before use,n/a,n/a,ABSENT,HIGH
toolhelp_install_protect_call_0xc8cef4,0xC8CEF4,0xC8CE70-0xC8CF24,import_iat_slot,"IAT 0x2E4D630 KERNEL32.dll!VirtualProtect; rcx=rip_data:0x317E398; rdx=immediate:0x10; r8=immediate:0x40; r9=address:r9, [rsi + 0x10]",n/a,rax == rcx+0x44 [jle -> 0xC8CEDE] AND 0x317E3A0 (.data) == 0xFFFFFFFF [jne -> 0xC8CEDE],OBSERVED,HIGH
toolhelp_install_protect_result_check_0xc8cef4,0xC8CEF4,0xC8CE70-0xC8CF24,absent_mechanism,return value of this protection call is not compared,n/a,n/a,ABSENT,HIGH
toolhelp_install_protect_size_argument_0xc8cef4,0xC8CEF4,0xC8CE70-0xC8CF24,caller_argument,size argument is immediate:0x10; no bound check against the target page extent precedes the write,n/a,n/a,OBSERVED,HIGH
toolhelp_install_cache_flush,0xC8CE70,0xC8CE70-0xC8CF24,absent_mechanism,no instruction-cache flush call in this function,n/a,n/a,ABSENT,HIGH
toolhelp_install_global_ref_0xc8ce78,0xC8CE78,0xC8CE70-0xC8CF24,global_rw_data,mov of 32 bits at 0x317E3A0 in .data,n/a,unconditional,OBSERVED,HIGH
toolhelp_install_global_ref_0xc8ce99,0xC8CE99,0xC8CE70-0xC8CF24,global_rw_data,lea of 64 bits at 0x317E3A0 in .data,n/a,unconditional,OBSERVED,HIGH
toolhelp_install_global_ref_0xc8cea5,0xC8CEA5,0xC8CE70-0xC8CF24,global_rw_data,cmp of 32 bits at 0x317E3A0 in .data,n/a,0x317E3A0 (.data) == 0xFFFFFFFF [jne -> 0xC8CEDE],OBSERVED,HIGH
toolhelp_install_global_ref_0xc8cecb,0xC8CECB,0xC8CE70-0xC8CF24,global_rw_data,mov of 64 bits at 0x317E398 in .data,n/a,unconditional,OBSERVED,HIGH
toolhelp_install_global_ref_0xc8ced2,0xC8CED2,0xC8CE70-0xC8CF24,global_rw_data,lea of 64 bits at 0x317E3A0 in .data,n/a,unconditional,OBSERVED,HIGH
toolhelp_install_global_ref_0xc8cee2,0xC8CEE2,0xC8CE70-0xC8CF24,global_rw_data,mov of 64 bits at 0x317E398 in .data,n/a,unconditional,OBSERVED,HIGH
toolhelp_install_global_ref_0xc8cefa,0xC8CEFA,0xC8CE70-0xC8CF24,global_rw_data,mov of 64 bits at 0x317E398 in .data,n/a,unconditional,OBSERVED,HIGH
toolhelp_install_unaligned_copy_0xc8cf01,0xC8CF01,0xC8CE70-0xC8CF24,export_prologue,"movups of 128 bits: xmm0, xmmword ptr [rax]",n/a,unconditional,OBSERVED,HIGH
toolhelp_install_unaligned_copy_0xc8cf04,0xC8CF04,0xC8CE70-0xC8CF24,export_prologue,"movups of 128 bits: xmmword ptr [rsi], xmm0",n/a,unconditional,OBSERVED,HIGH
toolhelp_install_inline_materialisation_0xc8cf07,0xC8CF07|0xC8CF17,0xC8CE70-0xC8CF24,export_prologue,"run of narrow constant stores to one register-derived base=rax spanning 0xC8CF07..0xC8CF17; store widths=8,16",n/a,unconditional,OBSERVED,HIGH
toolhelp_install_slot_write_0xc8cecb,0xC8CECB,0xC8CE70-0xC8CF24,global_rw_data,64-bit register store to base=rip; base origin=rip_data:0x317E398; section=.data (writable),n/a,unconditional,OBSERVED,HIGH
toolhelp_install_slot_write_0xc8cf04,0xC8CF04,0xC8CE70-0xC8CF24,caller_argument,128-bit register store to base=rsi; base origin=unknown; section=not a rip-relative slot,n/a,unconditional,OBSERVED,MEDIUM
toolhelp_restore_entry,0xC8F470,0xC8F470-0xC8F4BA,internal_rva,"no direct call, no RVA/VA literal, no static function pointer",none_static,not statically reachable,UNRESOLVED,HIGH
toolhelp_restore_address_literals,0xC8F470,0xC8F470-0xC8F4BA,whole_image_set,whole-file occurrences of this entry: rva32=1 va64=0; rva32 occurrences inside the exception directory=1,n/a,n/a,ABSENT,HIGH
toolhelp_restore_module_handle,0xC8F47F,0xC8F470-0xC8F4BA,import_iat_slot,IAT 0x2E4D380 KERNEL32.dll!GetModuleHandleA; rcx=rip_string:0x2E112EE; rdx=incoming; r8=incoming; r9=incoming,n/a,unconditional,OBSERVED,HIGH
toolhelp_restore_target_resolution,0xC8F48F,0xC8F470-0xC8F4BA,resolved_export,module=KERNEL32.dll!GetModuleHandleA symbol=CreateToolhelp32Snapshot,n/a,unconditional,OBSERVED,HIGH
toolhelp_restore_target_null_check,0xC8F48F,0xC8F470-0xC8F4BA,absent_mechanism,export-resolution return value is not compared before use,n/a,n/a,ABSENT,HIGH
toolhelp_restore_protect_tail_transfer,0xC8F4B3,0xC8F470-0xC8F4BA,import_iat_slot,"IAT 0x2E4D630 KERNEL32.dll!VirtualProtect; tail transfer, no return value is observable at this site",n/a,unconditional,OBSERVED,HIGH
toolhelp_restore_cache_flush,0xC8F470,0xC8F470-0xC8F4BA,absent_mechanism,no instruction-cache flush call in this function,n/a,n/a,ABSENT,HIGH
toolhelp_restore_unaligned_copy_0xc8f495,0xC8F495,0xC8F470-0xC8F4BA,caller_argument,"movups of 128 bits: xmm0, xmmword ptr [rsi]",n/a,unconditional,OBSERVED,HIGH
toolhelp_restore_unaligned_copy_0xc8f498,0xC8F498,0xC8F470-0xC8F4BA,caller_argument,"movups of 128 bits: xmmword ptr [rax], xmm0",n/a,unconditional,OBSERVED,HIGH
toolhelp_restore_slot_write_0xc8f498,0xC8F498,0xC8F470-0xC8F4BA,resolved_export,128-bit register store to base=rax; base origin=after_call:KERNEL32.dll!GetProcAddress; section=not a rip-relative slot,n/a,unconditional,OBSERVED,MEDIUM
fill_helper_entry,0x1754520,0x1754520-0x17545BB,internal_rva,"no direct call, no RVA/VA literal, no static function pointer",none_static,not statically reachable,UNRESOLVED,HIGH
fill_helper_address_literals,0x1754520,0x1754520-0x17545BB,whole_image_set,whole-file occurrences of this entry: rva32=1 va64=0; rva32 occurrences inside the exception directory=1,n/a,n/a,ABSENT,HIGH
fill_helper_protect_call_0x1754577,0x1754577,0x1754520-0x17545BB,import_iat_slot,IAT 0x2E4D630 KERNEL32.dll!VirtualProtect; rcx=register:rsi; rdx=incoming; r8=immediate:0x40; r9=stack_addr:0x2C,n/a,unconditional,OBSERVED,HIGH
fill_helper_protect_result_check_0x1754577,0x1754577,0x1754520-0x17545BB,absent_mechanism,return value of this protection call is not compared,n/a,n/a,ABSENT,HIGH
fill_helper_protect_size_argument_0x1754577,0x1754577,0x1754520-0x17545BB,caller_argument,size argument is incoming; no bound check against the target page extent precedes the write,n/a,n/a,OBSERVED,HIGH
fill_helper_protect_call_0x17545a0,0x17545A0,0x1754520-0x17545BB,import_iat_slot,IAT 0x2E4D630 KERNEL32.dll!VirtualProtect; rcx=register:rsi; rdx=register:rdx; r8=stack_read:0x2C; r9=stack_addr:0x2C,n/a,rdi != 0 [je -> 0x1754590] AND rax == rdi [jb -> 0x1754584],OBSERVED,HIGH
fill_helper_protect_result_check_0x17545a0,0x17545A0,0x1754520-0x17545BB,absent_mechanism,return value of this protection call is not compared,n/a,n/a,ABSENT,HIGH
fill_helper_protect_size_argument_0x17545a0,0x17545A0,0x1754520-0x17545BB,caller_argument,size argument is register:rdx; no bound check against the target page extent precedes the write,n/a,n/a,OBSERVED,HIGH
fill_helper_cache_flush,0x1754520,0x1754520-0x17545BB,absent_mechanism,no instruction-cache flush call in this function,n/a,n/a,ABSENT,HIGH
fill_helper_global_ref_0x1754526,0x1754526,0x1754520-0x17545BB,global_rw_data,mov of 64 bits at 0x30B9140 in .data,n/a,unconditional,OBSERVED,HIGH
fill_helper_global_ref_0x175454d,0x175454D,0x1754520-0x17545BB,global_rw_data,mov of 64 bits at 0x3227D40 in .data,n/a,unconditional,OBSERVED,HIGH
fill_helper_constant_fill_loop_0x1754584,0x1754584|0x175458E,0x1754520-0x17545BB,caller_argument,back-branching loop 0x1754584..0x175458E storing one constant byte per iteration to base=rsi counter=rax,n/a,rdi != 0 [je -> 0x1754590] AND rax == rdi [jb -> 0x1754584],OBSERVED,HIGH
symmetry_unaligned_pair,0xC8CF01|0xC8F495,0xC8CE70-0xC8CF24|0xC8F470-0xC8F4BA,cross_function_pair,install side moves 128 bit at 0xC8CF01; restore side moves 128 bit at 0xC8F495,install none_static; restore none_static,both halves must execute; neither half is statically reachable,OBSERVED,HIGH
symmetry_save_restore_shape,0xC8CF01|0xC8F495,0xC8CE70-0xC8CF24|0xC8F470-0xC8F4BA,cross_function_pair,unaligned instruction count install=2 restore=2; width=128 bit on both sides,n/a,n/a,OBSERVED,HIGH
symmetry_size_argument,0xC8F470,0xC8CE70-0xC8CF24|0xC8F470-0xC8F4BA,cross_function_pair,install side size argument=immediate:0x10; restore side size argument=immediate:0x10; identical=True,n/a,n/a,OBSERVED,HIGH
symmetry_protection_restore_path,0xC8CEF4,0xC8CE70-0xC8CF24|0xC8F470-0xC8F4BA,cross_function_pair,"the previous protection value is carried to the restore side through the caller-supplied record, so the halves are symmetric only when the same record is reused; restore side transfer is a tail jump at 0xC8F4B3",n/a,requires the install side to have produced a record for the restore side,OBSERVED,HIGH
symmetry_target_source,0xC8F470,0xC8CE70-0xC8CF24|0xC8F470-0xC8F4BA,cross_function_pair,install side references the export cache global 0x317E398: True; restore side references it: False,n/a,both halves require successful export resolution at run time,ASYMMETRIC,HIGH
symmetry_image_inventory,0xC8CE70,whole-image,whole_image_set,"functions with a protection call: 6; of those also containing an unaligned copy: 2; matching spans: 0xC8CE70-0xC8CF24,0xC8F470-0xC8F4BA",n/a,n/a,OBSERVED,HIGH
writer_protection_call_inventory,0x1E2D1;0x1E31B;0xC8CEF4;0x1754577;0x17545A0;0x2921505;0x2921526;0x2BEB8FB,whole-image,import_iat_slot,"8 protection call sites in 6 functions (0x1E270-0x1E357,0xC8CE70-0xC8CF24,0xC8F470-0xC8F4BA,0x1754520-0x17545BB,0x29213D0-0x2921575,0x2BEB88C-0x2BEB91A); protection tail-jump thunks: 0xC8F4B3",n/a,n/a,OBSERVED,HIGH
writer_protection_result_checked,0x1E2D1;0x2BEB8FB,whole-image,import_iat_slot,protection call sites with a compared return value: 0x1E2D1;0x2BEB8FB; without: 0x1E31B;0xC8CEF4;0x1754577;0x17545A0;0x2921505;0x2921526,n/a,n/a,OBSERVED,HIGH
writer_cache_flush_inventory,0x1E330,whole-image,import_iat_slot,"1 instruction-cache flush call sites in the image, in 0x1E270-0x1E357",n/a,n/a,OBSERVED,HIGH
writer_import_tail_thunk_inventory,0xC8F4B3,whole-image,import_iat_slot,tail-jump import thunks: 1 in total; 1 for the protection entry,n/a,n/a,OBSERVED,HIGH
writer_export_resolution_inventory,0x4D74;0x52A3;0x52EA;0x5BFA;0x5C41;0x904B;0x91CB;0x1ACCB;0x1BADB;0x5049B;0x9057B;0xA88CB;0xBD46B;0xC715B;0x10191B;0x10287B;0x16687B;0x1F127B;0x33406B;0x33426B;0x48F84B;0x4DDEBB;0x51B60B;0x5766C0;0x6106FF;0x72C0EB;0x7A31AB;0x7BABCB;0x7CF9AB;0x84FDCB;0xA9CF9B;0xB0E4AB;0xC8CEC5;0xC8F48F;0xEA6CDB;0x1101BCB;0x12FC2CB;0x133903B;0x139C79B;0x15E6D2B;0x169EC2C;0x16A1F3B;0x173C6DB;0x173CDCB;0x175585B;0x176D6EB;0x176D7BB;0x1965B8B;0x1B1667B;0x1C7E17E;0x25D6A5B;0x296ED3B;0x29A935B;0x29F39EA;0x2A15FBB;0x2A2481D;0x2A24858;0x2A248F3;0x2A24956;0x2A5EA67;0x2A5F04D;0x2A9F5CF;0x2A9F617;0x2A9F6B0;0x2A9F6DC;0x2AA0641;0x2AA398B;0x2AB6C14;0x2BD0BE1;0x2BD1004;0x2BD1058;0x2BD106B;0x2BD124D;0x2BD12AA;0x2BD12BD;0x2BD1328;0x2BEB6FC;0x2BEB718;0x2BEBC80,whole-image,resolved_export,export-resolution call sites: 79; module-handle sites: A=5 W=63 ExW=2,n/a,n/a,OBSERVED,HIGH
writer_global_function_pointer_cache,0x317E398,0xC8CE70-0xC8CF24,global_rw_data,export address cache at 0x317E398 in .data (writable); static references=3,none_static,written only on the one-shot resolution path,OBSERVED,HIGH
writer_global_guard_state,0x317E3A0,0xC8CE70-0xC8CF24,global_rw_data,install gate at 0x317E3A0 in .data; static references=4,none_static,one-shot: the resolution path is skipped once the gate is set,OBSERVED,HIGH
comparator_record_table_0x1E270,0x1E28A,0x1E270-0x1E357,record_table,1 references to the record table at 0x30D44F8 in .data,0x1E425;0x1E4FD,rax != 0 [jne -> 0x1E2E2],OBSERVED,HIGH
comparator_protect_0x1E2D1,0x1E2D1,0x1E270-0x1E357,import_iat_slot,"IAT 0x2E4D630 KERNEL32.dll!VirtualProtect; rcx=register:rsi; rdx=address:rdi, [rcx*2 + 5]; r8=immediate:0x40; r9=stack_addr:0x24; return value compared",0x1E425;0x1E4FD,rax != 0 [jne -> 0x1E2E2],OBSERVED,HIGH
comparator_protect_0x1E31B,0x1E31B,0x1E270-0x1E357,import_iat_slot,"IAT 0x2E4D630 KERNEL32.dll!VirtualProtect; rcx=immediate:0xA; rdx=address:rdi, [rcx*2 + 5]; r8=stack_read:0x24; r9=stack_addr:0x24; return value not compared",0x1E425;0x1E4FD,rax != 0 [jne -> 0x1E2E2],OBSERVED,HIGH
comparator_cache_flush_0x1E330,0x1E330,0x1E270-0x1E357,import_iat_slot,IAT 0x2E4D2E8 KERNEL32.dll!FlushInstructionCache; return value not compared,0x1E425;0x1E4FD,rax != 0 [jne -> 0x1E2E2],OBSERVED,HIGH
comparator_slot_write_0x1E2F7,0x1E2F7,0x1E270-0x1E357,caller_argument,32-bit register store to base=rsi; base origin=immediate:0xA,0x1E425;0x1E4FD,rax != 0 [jne -> 0x1E2E2],OBSERVED,MEDIUM
comparator_state_commit_0x1E336,0x1E336,0x1E270-0x1E357,record_table,or with 0x6 on a 8-bit slot reached through base=r15,0x1E425;0x1E4FD,the state slot is set on this path without a preceding comparison of the outcome,OBSERVED,HIGH
comparator_entry_0x1E270,0x1E270,0x1E270-0x1E357,internal_rva,direct callers=0x1E425;0x1E4FD; whole-file literals rva32=2 va64=0 exception-directory=1,0x1E425;0x1E4FD,statically reachable,OBSERVED,HIGH
comparator_record_table_0x1E360,0x1E3D3;0x1E411;0x1E432;0x1E4B4,0x1E360-0x1E583,record_table,4 references to the record table at 0x30D44F8 in .data,none_static,0x30D44F0 (.data) == 0x0 [jne -> 0x1E3B8] AND rdi != 0 [jne -> 0x1E4A0] AND rax != 0 [jne -> 0x1E3D3] AND rdi == rax [jne -> 0x1E3DC] AND (+15 further predicates),OBSERVED,HIGH
comparator_entry_0x1E360,0x1E360,0x1E360-0x1E583,internal_rva,direct callers=none_static; whole-file literals rva32=3 va64=0 exception-directory=1,none_static,statically unreachable,UNRESOLVED,HIGH
comparator_record_table_0x1DCF0,0x1DDC3;0x1DE90;0x1DEBB;0x1DF0C,0x1DCF0-0x1DFE1,record_table,4 references to the record table at 0x30D44F8 in .data,none_static,0x30D44F0 (.data) == 0x0 [jne -> 0x1DD51] AND compare == 0x1000 [jne -> 0x1DFBB] AND rax != 0 [je -> 0x1DDEE] AND compare == 0x0 [je -> 0x1DDE0] AND (+11 further predicates),OBSERVED,HIGH
comparator_slot_write_0x1DE58,0x1DE58,0x1DCF0-0x1DFE1,resolved_export,64-bit register store to base=r12; base origin=after_call:internal:0x1D280,none_static,0x30D44F0 (.data) == 0x0 [jne -> 0x1DD51] AND compare == 0x1000 [jne -> 0x1DFBB] AND rax != 0 [je -> 0x1DDEE] AND compare == 0x0 [je -> 0x1DDE0] AND (+11 further predicates),OBSERVED,MEDIUM
comparator_slot_write_0x1DE5C,0x1DE5C,0x1DCF0-0x1DFE1,table_slot,64-bit register store to base=rcx; base origin=computed,none_static,0x30D44F0 (.data) == 0x0 [jne -> 0x1DD51] AND compare == 0x1000 [jne -> 0x1DFBB] AND rax != 0 [je -> 0x1DDEE] AND compare == 0x0 [je -> 0x1DDE0] AND (+11 further predicates),OBSERVED,MEDIUM
comparator_slot_write_0x1DE7A,0x1DE7A,0x1DCF0-0x1DFE1,table_slot,64-bit register store to base=r8; base origin=computed,none_static,0x30D44F0 (.data) == 0x0 [jne -> 0x1DD51] AND compare == 0x1000 [jne -> 0x1DFBB] AND rax != 0 [je -> 0x1DDEE] AND compare == 0x0 [je -> 0x1DDE0] AND (+11 further predicates),OBSERVED,MEDIUM
comparator_slot_write_0x1DEBB,0x1DEBB,0x1DCF0-0x1DFE1,global_rw_data,64-bit register store to base=rip; base origin=rip_data:0x30D44F8,none_static,0x30D44F0 (.data) == 0x0 [jne -> 0x1DD51] AND compare == 0x1000 [jne -> 0x1DFBB] AND rax != 0 [je -> 0x1DDEE] AND compare == 0x0 [je -> 0x1DDE0] AND (+11 further predicates),OBSERVED,HIGH
comparator_slot_write_0x1DF0C,0x1DF0C,0x1DCF0-0x1DFE1,global_rw_data,64-bit register store to base=rip; base origin=rip_data:0x30D44F8,none_static,0x30D44F0 (.data) == 0x0 [jne -> 0x1DD51] AND compare == 0x1000 [jne -> 0x1DFBB] AND rax != 0 [je -> 0x1DDEE] AND compare == 0x0 [je -> 0x1DDE0] AND (+11 further predicates),OBSERVED,HIGH
comparator_slot_write_0x1DF1C,0x1DF1C,0x1DCF0-0x1DFE1,global_rw_data,32-bit register store to base=rip; base origin=rip_data:0x30D4508,none_static,0x30D44F0 (.data) == 0x0 [jne -> 0x1DD51] AND compare == 0x1000 [jne -> 0x1DFBB] AND rax != 0 [je -> 0x1DDEE] AND compare == 0x0 [je -> 0x1DDE0] AND (+11 further predicates),OBSERVED,HIGH
comparator_slot_write_0x1DF2B,0x1DF2B,0x1DCF0-0x1DFE1,resolved_export,64-bit register store to base=rax; base origin=after_call:KERNEL32.dll!HeapReAlloc,none_static,0x30D44F0 (.data) == 0x0 [jne -> 0x1DD51] AND compare == 0x1000 [jne -> 0x1DFBB] AND rax != 0 [je -> 0x1DDEE] AND compare == 0x0 [je -> 0x1DDE0] AND (+11 further predicates),OBSERVED,MEDIUM
comparator_slot_write_0x1DF34,0x1DF34,0x1DCF0-0x1DFE1,resolved_export,64-bit register store to base=rax; base origin=after_call:KERNEL32.dll!HeapReAlloc,none_static,0x30D44F0 (.data) == 0x0 [jne -> 0x1DD51] AND compare == 0x1000 [jne -> 0x1DFBB] AND rax != 0 [je -> 0x1DDEE] AND compare == 0x0 [je -> 0x1DDE0] AND (+11 further predicates),OBSERVED,MEDIUM
comparator_slot_write_0x1DF3E,0x1DF3E,0x1DCF0-0x1DFE1,resolved_export,64-bit register store to base=rax; base origin=after_call:KERNEL32.dll!HeapReAlloc,none_static,0x30D44F0 (.data) == 0x0 [jne -> 0x1DD51] AND compare == 0x1000 [jne -> 0x1DFBB] AND rax != 0 [je -> 0x1DDEE] AND compare == 0x0 [je -> 0x1DDE0] AND (+11 further predicates),OBSERVED,MEDIUM
comparator_slot_write_0x1DF5A,0x1DF5A,0x1DCF0-0x1DFE1,resolved_export,8-bit register store to base=rax; base origin=after_call:KERNEL32.dll!HeapReAlloc,none_static,0x30D44F0 (.data) == 0x0 [jne -> 0x1DD51] AND compare == 0x1000 [jne -> 0x1DFBB] AND rax != 0 [je -> 0x1DDEE] AND compare == 0x0 [je -> 0x1DDE0] AND (+11 further predicates),OBSERVED,MEDIUM
comparator_slot_write_0x1DF74,0x1DF74,0x1DCF0-0x1DFE1,resolved_export,32-bit register store to base=rax; base origin=after_call:KERNEL32.dll!HeapReAlloc,none_static,0x30D44F0 (.data) == 0x0 [jne -> 0x1DD51] AND compare == 0x1000 [jne -> 0x1DFBB] AND rax != 0 [je -> 0x1DDEE] AND compare == 0x0 [je -> 0x1DDE0] AND (+11 further predicates),OBSERVED,MEDIUM
comparator_slot_write_0x1DF7E,0x1DF7E,0x1DCF0-0x1DFE1,resolved_export,64-bit register store to base=rax; base origin=after_call:KERNEL32.dll!HeapReAlloc,none_static,0x30D44F0 (.data) == 0x0 [jne -> 0x1DD51] AND compare == 0x1000 [jne -> 0x1DFBB] AND rax != 0 [je -> 0x1DDEE] AND compare == 0x0 [je -> 0x1DDE0] AND (+11 further predicates),OBSERVED,MEDIUM
comparator_slot_write_0x1DF88,0x1DF88,0x1DCF0-0x1DFE1,resolved_export,64-bit register store to base=rax; base origin=after_call:KERNEL32.dll!HeapReAlloc,none_static,0x30D44F0 (.data) == 0x0 [jne -> 0x1DD51] AND compare == 0x1000 [jne -> 0x1DFBB] AND rax != 0 [je -> 0x1DDEE] AND compare == 0x0 [je -> 0x1DDE0] AND (+11 further predicates),OBSERVED,MEDIUM
comparator_slot_write_0x1DFA0,0x1DFA0,0x1DCF0-0x1DFE1,table_slot,32-bit register store to base=rax; base origin=computed,none_static,0x30D44F0 (.data) == 0x0 [jne -> 0x1DD51] AND compare == 0x1000 [jne -> 0x1DFBB] AND rax != 0 [je -> 0x1DDEE] AND compare == 0x0 [je -> 0x1DDE0] AND (+11 further predicates),OBSERVED,MEDIUM
comparator_slot_write_0x1DFAA,0x1DFAA,0x1DCF0-0x1DFE1,table_slot,8-bit register store to base=rax; base origin=computed,none_static,0x30D44F0 (.data) == 0x0 [jne -> 0x1DD51] AND compare == 0x1000 [jne -> 0x1DFBB] AND rax != 0 [je -> 0x1DDEE] AND compare == 0x0 [je -> 0x1DDE0] AND (+11 further predicates),OBSERVED,MEDIUM
comparator_slot_write_0x1DFAF,0x1DFAF,0x1DCF0-0x1DFE1,table_slot,32-bit register store to base=rax; base origin=computed,none_static,0x30D44F0 (.data) == 0x0 [jne -> 0x1DD51] AND compare == 0x1000 [jne -> 0x1DFBB] AND rax != 0 [je -> 0x1DDEE] AND compare == 0x0 [je -> 0x1DDE0] AND (+11 further predicates),OBSERVED,MEDIUM
comparator_slot_write_0x1DFB8,0x1DFB8,0x1DCF0-0x1DFE1,caller_argument,64-bit register store to base=rsi; base origin=unknown,none_static,0x30D44F0 (.data) == 0x0 [jne -> 0x1DD51] AND compare == 0x1000 [jne -> 0x1DFBB] AND rax != 0 [je -> 0x1DDEE] AND compare == 0x0 [je -> 0x1DDE0] AND (+11 further predicates),OBSERVED,MEDIUM
comparator_entry_0x1DCF0,0x1DCF0,0x1DCF0-0x1DFE1,internal_rva,direct callers=none_static; whole-file literals rva32=2 va64=0 exception-directory=2,none_static,statically unreachable,UNRESOLVED,HIGH
comparator_record_table_0x1DFF0,0x1E148;0x1E21A,0x1DFF0-0x1E26A,record_table,2 references to the record table at 0x30D44F8 in .data,0x1E400;0x1E4F6,rax == 0xFFFFFFFFFFFFFFFF [je -> 0x1E0C0] AND rax != 0 [je -> 0x1E0B7] AND compare == 0x10 [jb -> 0x1E1C7] AND rbp == rax [jne -> 0x1E1C7] AND (+15 further predicates),OBSERVED,HIGH
comparator_slot_write_0x1E01F,0x1E01F,0x1DFF0-0x1E26A,caller_argument,128-bit register store to base=rcx; base origin=unknown,0x1E400;0x1E4F6,rax == 0xFFFFFFFFFFFFFFFF [je -> 0x1E0C0] AND rax != 0 [je -> 0x1E0B7] AND compare == 0x10 [jb -> 0x1E1C7] AND rbp == rax [jne -> 0x1E1C7] AND (+15 further predicates),OBSERVED,MEDIUM
comparator_slot_write_0x1E0AB,0x1E0AB,0x1DFF0-0x1E26A,caller_argument,64-bit register store to base=rdi; base origin=unknown,0x1E400;0x1E4F6,rax == 0xFFFFFFFFFFFFFFFF [je -> 0x1E0C0] AND rax != 0 [je -> 0x1E0B7] AND compare == 0x10 [jb -> 0x1E1C7] AND rbp == rax [jne -> 0x1E1C7] AND (+15 further predicates),OBSERVED,MEDIUM
comparator_slot_write_0x1E1B2,0x1E1B2,0x1DFF0-0x1E26A,caller_argument,64-bit register store to base=rdi; base origin=unknown,0x1E400;0x1E4F6,rax == 0xFFFFFFFFFFFFFFFF [je -> 0x1E0C0] AND rax != 0 [je -> 0x1E0B7] AND compare == 0x10 [jb -> 0x1E1C7] AND rbp == rax [jne -> 0x1E1C7] AND (+15 further predicates),OBSERVED,MEDIUM
comparator_slot_write_0x1E1C0,0x1E1C0,0x1DFF0-0x1E26A,caller_argument,32-bit register store to base=rdi; base origin=unknown,0x1E400;0x1E4F6,rax == 0xFFFFFFFFFFFFFFFF [je -> 0x1E0C0] AND rax != 0 [je -> 0x1E0B7] AND compare == 0x10 [jb -> 0x1E1C7] AND rbp == rax [jne -> 0x1E1C7] AND (+15 further predicates),OBSERVED,MEDIUM
comparator_slot_write_0x1E1C4,0x1E1C4,0x1DFF0-0x1E26A,resolved_export,32-bit register store to base=rax; base origin=after_call:KERNEL32.dll!HeapReAlloc,0x1E400;0x1E4F6,rax == 0xFFFFFFFFFFFFFFFF [je -> 0x1E0C0] AND rax != 0 [je -> 0x1E0B7] AND compare == 0x10 [jb -> 0x1E1C7] AND rbp == rax [jne -> 0x1E1C7] AND (+15 further predicates),OBSERVED,MEDIUM
comparator_entry_0x1DFF0,0x1DFF0,0x1DFF0-0x1E26A,internal_rva,direct callers=0x1E400;0x1E4F6; whole-file literals rva32=2 va64=0 exception-directory=1,0x1E400;0x1E4F6,statically reachable,OBSERVED,HIGH
comparator_protect_0x2921505,0x2921505,0x29213D0-0x2921575,import_iat_slot,IAT 0x2E4D630 KERNEL32.dll!VirtualProtect; rcx=register:r12; rdx=immediate:0x8; r8=immediate:0x4; r9=stack_addr:0x3C; return value not compared,none_static,rax != 0 [jne -> 0x2921421] AND r8 != 0 [je -> 0x2921464] AND r10 != 0 [je -> 0x2921464] AND r15 == rbx [je -> 0x2921427] AND (+10 further predicates),OBSERVED,HIGH
comparator_protect_0x2921526,0x2921526,0x29213D0-0x2921575,import_iat_slot,IAT 0x2E4D630 KERNEL32.dll!VirtualProtect; rcx=register:r12; rdx=immediate:0x8; r8=stack_read:0x3C; r9=stack_addr:0x3C; return value not compared,none_static,rax != 0 [jne -> 0x2921421] AND r8 != 0 [je -> 0x2921464] AND r10 != 0 [je -> 0x2921464] AND r15 == rbx [je -> 0x2921427] AND (+10 further predicates),OBSERVED,HIGH
comparator_conditional_move_0x292143B,0x292143B,0x29213D0-0x2921575,caller_argument,cmp/cmovae: compare at 0x2921437 against 0x1A selects the effective target address,none_static,target address depends on the supplied value range,OBSERVED,HIGH
comparator_conditional_move_0x292144B,0x292144B,0x29213D0-0x2921575,caller_argument,cmp/cmovae: compare at 0x2921447 against 0x1A selects the effective target address,none_static,target address depends on the supplied value range,OBSERVED,HIGH
comparator_conditional_move_0x29214C0,0x29214C0,0x29213D0-0x2921575,caller_argument,cmp/cmovae: compare at 0x29214BC against 0x1A selects the effective target address,none_static,target address depends on the supplied value range,OBSERVED,HIGH
comparator_conditional_move_0x29214D0,0x29214D0,0x29213D0-0x2921575,caller_argument,cmp/cmovae: compare at 0x29214CC against 0x1A selects the effective target address,none_static,target address depends on the supplied value range,OBSERVED,HIGH
comparator_slot_write_0x2921510,0x2921510,0x29213D0-0x2921575,table_slot,64-bit register store to base=r12; base origin=computed,none_static,rax != 0 [jne -> 0x2921421] AND r8 != 0 [je -> 0x2921464] AND r10 != 0 [je -> 0x2921464] AND r15 == rbx [je -> 0x2921427] AND (+10 further predicates),OBSERVED,MEDIUM
comparator_entry_0x29213D0,0x29213D0,0x29213D0-0x2921575,internal_rva,direct callers=none_static; whole-file literals rva32=1 va64=0 exception-directory=1,none_static,statically unreachable,UNRESOLVED,HIGH
comparator_protect_0x2BEB8FB,0x2BEB8FB,0x2BEB88C-0x2BEB91A,import_iat_slot,IAT 0x2E4D630 KERNEL32.dll!VirtualProtect; rcx=internal_return:0x2BEB758; rdx=stack_read:0x40; r8=register:rcx; r9=register:rdx; return value compared,0x2BEB98D;0x2BEBA27,rax != 0 [jne -> 0x2BEB8BE] AND 0x330B730 (.data:uninitialised-tail) == 0x0 [jne -> 0x2BEB8EE] AND rax != 0 [jne -> 0x2BEB90A],OBSERVED,HIGH
comparator_entry_0x2BEB88C,0x2BEB88C,0x2BEB88C-0x2BEB91A,internal_rva,direct callers=0x2BEB98D;0x2BEBA27; whole-file literals rva32=2 va64=0 exception-directory=2,0x2BEB98D;0x2BEBA27,statically reachable,OBSERVED,HIGH
activation_guard_0xC8CE97,0xC8CE97,0xC8CE70-0xC8CF24,teb_guard,cmp at 0xC8CE91 followed by jle to 0xC8CEDE (forward branch),none_static,rax == rcx+0x44 [jle -> 0xC8CEDE],OBSERVED,HIGH
activation_guard_0xC8CEAC,0xC8CEAC,0xC8CE70-0xC8CF24,global_rw_data,cmp at 0xC8CEA5 followed by jne to 0xC8CEDE (forward branch),none_static,0x317E3A0 (.data) == 0xFFFFFFFF [jne -> 0xC8CEDE],OBSERVED,HIGH
activation_guard_0x1754580,0x1754580,0x1754520-0x17545BB,caller_argument,test at 0x175457D followed by je to 0x1754590 (forward branch),none_static,rdi != 0 [je -> 0x1754590],OBSERVED,HIGH
activation_guard_0x175458E,0x175458E,0x1754520-0x17545BB,teb_guard,cmp at 0x175458B followed by jb to 0x1754584 (backward branch),none_static,rax == rdi [jb -> 0x1754584],OBSERVED,HIGH
activation_fill_helper_target_window,0x1754565,0x1754520-0x17545BB,global_rw_data,the supplied value is rebased onto 0x3227D40 when it falls inside a fixed window and is otherwise used unchanged; window bounds are 0x140000000 from the shift/compare immediates and 0x146000000 folded at 0x175453C by add from immediate load/add pairs,none_static,write target depends on the supplied value and on the rebasing base being initialised,OBSERVED,MEDIUM
activation_subject_reachability,0xC8CE70|0xC8F470|0x1754520,whole-image,whole_image_set,"0xC8CE70 direct_callers=none_static literals=(1, 0, 1); 0xC8F470 direct_callers=none_static literals=(1, 0, 1); 0x1754520 direct_callers=none_static literals=(1, 0, 1)",n/a,no static activation path is derivable for any audited subject,UNRESOLVED,HIGH
activation_installer_one_shot_gate,0xC8CE78;0xC8CE99;0xC8CEA5;0xC8CED2,0xC8CE70-0xC8CF24,global_rw_data,install gate at 0x317E3A0 in .data; static references=4; shared internal helper calls on the gated path=0xC8CEA0;0xC8CED9,none_static,the resolution path runs once per gate value; the write path is reached from a block the gate branch does not skip,OBSERVED,MEDIUM
activation_bitmask_predicate_0x1E270,0x1E2A3;0x1E2B5;0x1E2FA,0x1E270-0x1E357,record_table,"test rcx, 0x1 at 0x1E2A3; and rcx, 0x1 at 0x1E2B5; test r15, 0x1 at 0x1E2FA; state slots updated at 0x1E336",0x1E425;0x1E4FD,rcx & 0x1 AND rcx & 0x1 AND r15 & 0x1,OBSERVED,HIGH
activation_bitmask_predicate_0x1E360,0x1E3E0;0x1E41C;0x1E4E8,0x1E360-0x1E583,record_table,"test rcx+rdx*1+0x20, 0x2 at 0x1E3E0; test rcx+rdx*1+0x20, 0x2 at 0x1E41C; test rax+rcx*1+0x20, 0x2 at 0x1E4E8; state slots updated at none",none_static,rcx+rdx*1+0x20 & 0x2 AND rcx+rdx*1+0x20 & 0x2 AND rax+rcx*1+0x20 & 0x2,OBSERVED,HIGH
activation_bitmask_predicate_0x1DFF0,0x1E156;0x1E165,0x1DFF0-0x1E26A,record_table,"test rax+rcx*1+0x20, 0x2 at 0x1E156; and rdx, 0xF at 0x1E165; state slots updated at none",0x1E400;0x1E4F6,rax+rcx*1+0x20 & 0x2 AND rdx & 0xF,OBSERVED,HIGH
activation_bitmask_predicate_0x1DCF0,0x1DE2D;0x1DF4F;0x1DF53;0x1DF69;0x1DF6D,0x1DCF0-0x1DFE1,record_table,"and r15, 0xFFFFFFFFFFFFF000 at 0x1DE2D; and r8, 0x1 at 0x1DF4F; and r9, 0xF8 at 0x1DF53; and r8, 0xF at 0x1DF69; and r9, 0xFFFFFFF0 at 0x1DF6D; state slots updated at none",none_static,r15 & 0xFFFFFFFFFFFFF000 AND r8 & 0x1 AND r9 & 0xF8 AND r8 & 0xF,OBSERVED,HIGH
activation_shared_helper_0x2AB27B0,0x2AB27B0,0x2AB27B0-0x2AB2828,internal_rva,shared internal helper reached from the audited subjects; static call sites in the image=1438,0x4E7C;0x8FCA;0x914A;0x16AEA;0x1AC4A;0x1BA5A;0x1CADA;0x21EE5;0x22245;0x2D375;0x2D3EC;0x2D46F;0x2D4E3;0x2D598;0x2D5E8;0x2D65F;0x2DA35;0x2DAB9;0x2DBB6;0x2DC3C;0x2DCC9;0x2DD79;0x2DEF6;0x2E052;0x2FFC9;0x3006F;0x305F9;0x30CF6;0x30DEE;0x3138C;0x34FA1;0x35136;0x351D5;0x3526F;0x35309;0x3539A;0x36778;0x367CE;0x3680B;0x376C1;0x382DC;0x5041A;0x5210A;0x5260A;0x5285A;0x52C04;0x52C67;0x52CF2;0x52F2E;0x53014;0x53111;0x532DE;0x904FA;0x9AACB;0x9AB33;0x9AB9B;0x9AD26;0xA884A;0xBD3EA;0xC70DA;0x10135A;0x10189A;0x1027FA;0x1667FA;0x1F11FA;0x333FEA;0x3341EA;0x3ADA18;0x3AE30B;0x3B1BCD;0x3B1F4E;0x3B22E3;0x3B5A01;0x3B862D;0x3B8E2C;0x3BAF59;0x3BB0F9;0x3D4E69;0x3D521F;0x3D6B46;0x3D722A;0x3D98AC;0x3D9E28;0x48C7AA;0x48CB12;0x48D545;0x48DDE7;0x48ED53;0x48EDA8;0x48F608;0x48F6D8;0x48F7CA;0x4A080C;0x4A10AE;0x4A1D5F;0x4A3967;0x4DB1AF;0x4DDE3A;0x51B58A;0x58009B;0x5809D4;0x5812CC;0x5813F2;0x5837D7;0x584484;0x584A65;0x584E12;0x5853C1;0x5898C7;0x589A07;0x58A305;0x58BFB2;0x58C888;0x58CC8B;0x58F3CD;0x5A656A;0x5A6603;0x5A672A;0x5A67C5;0x5A68F8;0x5A69B6;0x5A8048;0x5A8106;0x5A97DA;0x5A987D;0x5A994E;0x5AB00B;0x5AB0C9;0x5AB7DB;0x5AB899;0x5ABFAC;0x5AC056;0x5AC11C;0x5AD00B;0x5AD0C9;0x5AD8DB;0x5AD999;0x5AE1A1;0x5AE244;0x5AE31C;0x5B128B;0x5B62D5;0x5D6292;0x5D634A;0x5D682F;0x5FD301;0x5FD443;0x5FE9C4;0x61213A;0x61221A;0x6122FA;0x6123DA;0x6124BA;0x61259E;0x6125E5;0x6126EA;0x6315D1;0x63168F;0x633B00;0x63B9ED;0x66F181;0x66F245;0x6702EB;0x6703A0;0x670DC6;0x6791DA;0x6792D1;0x6793F9;0x679DD9;0x6AB89A;0x6AB981;0x6ABADC;0x6AC32C;0x6C74AD;0x6D17C6;0x6D510E;0x6DA0E9;0x6E4F6E;0x6E6316;0x6FF316;0x6FF45B;0x72C06A;0x7374F3;0x738A6C;0x73A094;0x73A4DE;0x73BBB2;0x73CC04;0x73CD04;0x73E9DF;0x7415BC;0x741F10;0x742DAE;0x743D01;0x744B06;0x7450D2;0x74637B;0x7468F6;0x749E87;0x74A214;0x74B611;0x74BBC7;0x74E4FA;0x74FBD2;0x74FEF6;0x751423;0x7654FF;0x76621F;0x7666DB;0x766D5A;0x7A312A;0x7BAB4A;0x7CF92A;0x7E6D12;0x7E7229;0x7E7BED;0x7E85E7;0x7E918C;0x7E96C1;0x7EA0D0;0x7EAB1A;0x84FD4A;0x8A179C;0x8A1ADC;0x8A247D;0x8A2C95;0x8A353E;0x8A3860;0x8A4201;0x8A4A33;0x8A548A;0x8A57A2;0x8A6143;0x8A6973;0x8A71D2;0x8A74EA;0x8A7E8B;0x8A86C4;0x8A91AD;0x8A954F;0x8A9F1C;0x8AA76E;0x8AAFCF;0x8AB37B;0x8ABD5F;0x8AC5A0;0x8BFD8D;0x8C00E7;0x8C0A74;0x8C1274;0x8C18C9;0x8C1C19;0x8C25A0;0x8C2D88;0x923211;0x924104;0x924B91;0x925A7D;0x9427CD;0x943F90;0x9461AF;0x949E0F;0x949F5B;0x94A7AD;0x94A90B;0x94DA70;0x94DF52;0x953E06;0x95483E;0x956613;0x956B98;0x957235;0x958FE2;0x95A9DD;0x95C082;0x95C147;0x95C9D5;0x95D378;0xA0AB5B;0xA0BB2E;0xA0BE89;0xA12464;0xA1A9C8;0xA1AAB5;0xA1CD89;0xA1E206;0xA24974;0xA392EE;0xA395B7;0xA4209A;0xA42F63;0xA43600;0xA47A4F;0xA531A5;0xA56243;0xA5EA99;0xA605A4;0xA6248B;0xA67D2E;0xA6ED08;0xA6F3F4;0xA70F0A;0xA7194C;0xA7473D;0xA748E5;0xA76FE8;0xA78428;0xA79D42;0xA84547;0xA851BE;0xA88614;0xA8E97C;0xA98BFB;0xA9AE19;0xA9AF63;0xA9BBBB;0xA9CF1A;0xAB0C9D;0xAB1EB8;0xB0E42A;0xB54451;0xB568F8;0xB58BEE;0xB59CF5;0xB5C1A1;0xB5CA47;0xB5F331;0xB68048;0xB6D6AF;0xB717B9;0xB75EC3;0xB763C9;0xB76780;0xB7714F;0xC6E460;0xC6F0B2;0xC7126A;0xC7257A;0xC73945;0xC78024;0xC78B1C;0xC7942F;0xC82D36;0xC84E68;0xC8CEA0;0xC90AFC;0xC90F1E;0xC91A2D;0xC92324;0xCBE53E;0xCBECC3;0xCC22EF;0xCC301D;0xCE9ACD;0xCEA9C3;0xE8AEDD;0xE8B32A;0xE8BD6A;0xE8C5E8;0xE8D1ED;0xE8DC9C;0xEA6C5A;0xF56549;0xF571B4;0xFAD068;0xFAF914;0xFB1C1E;0xFB5FFB;0xFBE79C;0xFC902F;0xFC9126;0xFCEEE4;0xFCFB57;0xFD1FD7;0xFD7F74;0xFD85E9;0xFD8D11;0xFD9166;0xFDA2B4;0xFDAAC3;0xFDBBBF;0xFDC049;0xFDC117;0xFDCAF5;0xFDE209;0xFDE89F;0xFDEC87;0xFDEE6F;0xFE18E5;0xFE38C6;0xFE485E;0xFE8451;0xFE9D0D;0xFE9FF0;0xFED628;0xFF0D77;0xFF2FBB;0xFF7E2A;0xFF88AD;0xFFC149;0xFFC42F;0xFFC67D;0x1002DCA;0x1003B31;0x1005FF4;0x100668F;0x100695D;0x100909D;0x100A623;0x100B22D;0x1024969;0x102A50F;0x102AC89;0x102FCC3;0x10315DE;0x1033291;0x103671E;0x106919E;0x1101B4A;0x11764CD;0x12AD37F;0x12AD3EF;0x12AD8D7;0x12ADB96;0x12AF5DF;0x12B02FF;0x12B15DB;0x12B1986;0x12B1E01;0x12B2292;0x12B3DD2;0x12B3F25;0x12B611C;0x12B652F;0x12B8034;0x12B898D;0x12BD411;0x12BD4A2;0x12BDFA1;0x12BE4F0;0x12C1568;0x12C16AE;0x12C28AB;0x12C2AA3;0x12FC24A;0x1338FBA;0x137FBF6;0x139C71A;0x13B69CC;0x13B6AFF;0x13B6BD4;0x13B8D93;0x13B94BA;0x13B9572;0x13B9834;0x13B9B8B;0x13B9C14;0x13BA859;0x13BC61B;0x13BC995;0x13BCE05;0x13BD41E;0x13BD619;0x13BDDD7;0x13BE914;0x13BF041;0x13BF65F;0x13BF7CE;0x13BFEF2;0x13C0396;0x13C064B;0x13C07B4;0x13C082F;0x13C1874;0x13C2155;0x13C2573;0x13C291B;0x13C2A37;0x13C30B0;0x13C33D0;0x13C37FD;0x13C3EE9;0x13C4A93;0x13C4B59;0x13C4ED8;0x13C50F2;0x13C51A3;0x13C5C90;0x13C6CF5;0x13C7138;0x13C7883;0x13C79F1;0x13C821A;0x13C88A4;0x13C908E;0x13C9FC6;0x13CAB4E;0x13CACA7;0x13CBD36;0x13CC4EF;0x13CD17F;0x13CD383;0x13CD3FA;0x13CE412;0x13CFC27;0x13CFE2D;0x13D01DF;0x13D1346;0x13D1767;0x13D18E9;0x13D1B4C;0x13D1BBC;0x13D3D04;0x13D3DF2;0x13D4D76;0x13D5555;0x13D5852;0x13D5C3A;0x13D5FFB;0x13D6065;0x13D6160;0x13D6D19;0x13D6F47;0x13D7CEB;0x13D823E;0x13D889A;0x13D8B1A;0x13D8BB8;0x13D95BF;0x13D9C89;0x13D9DC8;0x13D9F04;0x13DA388;0x13DA5E9;0x13DBA15;0x13DC892;0x13DCF5F;0x13DDF47;0x13DE913;0x13DE99B;0x13DEA11;0x13DFA6F;0x13E0825;0x13E14B6;0x13E1631;0x13E17D7;0x13E1CB5;0x13E1D35;0x13E2404;0x13E2466;0x13E2D71;0x13E2FDC;0x13E3E40;0x13E496A;0x13E49F0;0x13E4A91;0x13E6214;0x13E6321;0x13E64AD;0x13E6F7B;0x13E7688;0x13E772C;0x13E79F3;0x13E8666;0x13E870F;0x13E87FD;0x13E8F68;0x13E8FCD;0x13E9A41;0x13E9D54;0x13EC3D7;0x13ECA96;0x13ED95C;0x13EEB09;0x13EEBB0;0x13EEE63;0x13EF710;0x13EFDA8;0x13F18B4;0x13F1A23;0x13F1F41;0x13F2DFB;0x13F30AC;0x13F3974;0x13F39F9;0x13F3CB7;0x13F57E9;0x13F5927;0x13F59A6;0x13F5B38;0x13F6589;0x13F6FE7;0x13F7B9F;0x13F7D88;0x13F7E92;0x13F7F2B;0x13F83C4;0x13F8465;0x13F874C;0x13F9049;0x13F9CA8;0x13FA281;0x13FA2FD;0x13FA4B4;0x13FB905;0x13FC573;0x13FCACA;0x13FD21E;0x13FD351;0x13FE9E9;0x13FEECC;0x13FF08E;0x14000B2;0x140256E;0x1402AF2;0x1402ED1;0x1402F31;0x14037C0;0x1403DED;0x14042C8;0x1404D36;0x1404F7E;0x140558E;0x140597F;0x1405D64;0x140636D;0x1406D76;0x1407FD7;0x1409188;0x1409260;0x14093C8;0x140A04F;0x140A7C4;0x140A9B7;0x140ACF3;0x140BAC1;0x140C7F7;0x140DC2F;0x140E5B9;0x140EA1B;0x140EA6D;0x140EF4C;0x140F241;0x140FF42;0x14103F7;0x14108E2;0x141093F;0x1410F95;0x14111D8;0x14119B2;0x1412085;0x141273E;0x14127C2;0x1413091;0x1413107;0x141319C;0x1413303;0x14133DD;0x141353E;0x14146E8;0x1414A6B;0x1414D48;0x1414DF1;0x14152FA;0x1415C2F;0x14167C9;0x14168FE;0x141720C;0x141728A;0x141735A;0x1417812;0x14179E3;0x14186F0;0x1418D12;0x1418EE2;0x14195AE;0x1419B70;0x141A5FE;0x141A684;0x141B035;0x141B798;0x141C09C;0x141C94F;0x141CB83;0x141CE18;0x141CFF1;0x141D0FD;0x141DCBA;0x141DEA2;0x141E0B8;0x141EEFA;0x141EFF5;0x141F72C;0x14201A0;0x14208E5;0x142096E;0x1421905;0x1421D07;0x1422326;0x1423645;0x1424224;0x142431B;0x14247C0;0x142483B;0x14262CA;0x1426463;0x1427540;0x1427832;0x1427AEC;0x1427B60;0x1427D6F;0x14287EC;0x1428ACE;0x1429C9A;0x1429EF9;0x142A966;0x142AFDD;0x142CC77;0x142CCD9;0x142CD85;0x142D400;0x142E29D;0x14303B0;0x1431050;0x1431E93;0x143227E;0x1432AD0;0x1432E63;0x143348E;0x1434B48;0x14355F6;0x1436337;0x1436EC8;0x1437118;0x1437D1D;0x1437E2E;0x14391E3;0x14398D6;0x1439AED;0x143A044;0x143AC51;0x143B148;0x143BACA;0x143DCEA;0x143EF6D;0x143FD80;0x143FF36;0x144013D;0x1441471;0x14418D6;0x1442A21;0x1442B8F;0x1442D8F;0x1443D67;0x14458C3;0x1446087;0x1446C1F;0x14472AE;0x1449433;0x144980F;0x144AA56;0x144AE18;0x144B550;0x144BA7D;0x144DCC3;0x144F078;0x144F3B3;0x144F5A5;0x1450273;0x1450481;0x14511C2;0x1451545;0x1451720;0x1451860;0x1452074;0x14520EE;0x1452A82;0x1452B6E;0x14540E7;0x145421E;0x14545FA;0x14555B0;0x1456563;0x14565FC;0x1456A4A;0x1456C73;0x1458A20;0x14592C4;0x1459E51;0x145A4BF;0x145A54B;0x145A60E;0x145A944;0x145B198;0x145B902;0x145D157;0x145D30A;0x145D92D;0x145DFDC;0x145E440;0x145EDC9;0x145F281;0x145F9B2;0x145FDDC;0x145FF95;0x1460DD3;0x1461355;0x14624B5;0x1462BAD;0x1463203;0x1463C5E;0x1464D0C;0x1465F68;0x14663FA;0x14670C4;0x14683B2;0x14694A9;0x146A803;0x146AD91;0x146BD86;0x146CE62;0x146D434;0x146D4D7;0x146D67E;0x146D90B;0x146DA63;0x146E1C7;0x14701E3;0x1470274;0x147134C;0x14713B7;0x1472347;0x1472DB6;0x147357B;0x1475227;0x1475293;0x1478A34;0x1479A86;0x147A002;0x147A6F1;0x147B0B0;0x147CFD9;0x147D604;0x147DC5D;0x147F1C9;0x147F2BE;0x147F3B6;0x147F42D;0x147FA95;0x1480320;0x14815D0;0x1482498;0x1482503;0x1484182;0x148421E;0x1484D55;0x148589D;0x1485F9A;0x14862EC;0x148648B;0x14865BE;0x14866A5;0x1486EC1;0x14879A4;0x1487F85;0x14881F6;0x1488829;0x1488CD1;0x14890DD;0x148B40E;0x148BC96;0x148C655;0x148CA40;0x148CE46;0x148CFB8;0x148DB95;0x148E00C;0x148E64F;0x148F576;0x148F5E6;0x14903A6;0x1490CE0;0x1491E56;0x14930C2;0x149315F;0x14937B3;0x1494ED1;0x1494F52;0x1494FBB;0x149568B;0x1496CCD;0x14977DB;0x14984A2;0x14986FB;0x14995C5;0x1499FC9;0x149A18C;0x149A28A;0x149A345;0x149ADD0;0x149B224;0x149B2D5;0x149B454;0x149D064;0x149D313;0x149D3B5;0x149D71A;0x149DF68;0x149E88F;0x14A1B59;0x14A22A9;0x14A2724;0x14A2797;0x14A3AB0;0x14A53C8;0x14A5B2E;0x14A5B86;0x14A64FD;0x14A65CB;0x14A785D;0x14A8011;0x14A9516;0x14AA3D8;0x14AAE3D;0x14AB022;0x14AB50F;0x14AB72D;0x14ADE79;0x14AE564;0x14AE616;0x14AE7B5;0x14AE9D9;0x14B02FB;0x14B0373;0x14B1DAC;0x14B34D9;0x14B36E4;0x14B3A30;0x14B4852;0x14B5617;0x14B5EFA;0x14B681F;0x14B791E;0x14B83D5;0x14B9380;0x14B9A66;0x14B9E51;0x14BAE23;0x14BB3AA;0x14BB5FA;0x14BBEA4;0x14BC08F;0x14BDE35;0x14BE509;0x14BF58D;0x14BFDD1;0x14C0BFB;0x14C0C68;0x14C0E31;0x14C123C;0x14C1933;0x14C2710;0x14C2F0E;0x14C41EB;0x14C43DD;0x14C5A9E;0x14C6228;0x14C702E;0x14C7F0D;0x14C9233;0x14CA279;0x14CA3C3;0x14CA9A2;0x14CAE27;0x14CAFF6;0x14CB068;0x14CB200;0x14CBB3F;0x14CC1D1;0x14CD43A;0x14CDE17;0x14CF6EF;0x14D04C6;0x14D0A49;0x14D0E53;0x14D1CE5;0x14D230A;0x14D4D50;0x14D6C2E;0x14D731A;0x14D75F2;0x14D7CF6;0x14D816E;0x14DA64F;0x14DB06F;0x14DE0C4;0x14DE613;0x14DEB0D;0x14DF038;0x14DFB89;0x14F30D2;0x14F31FA;0x14F3304;0x14F4747;0x14F6B3A;0x15E6CAA;0x16A1EBA;0x173C65A;0x173CD4A;0x17557DA;0x176D66A;0x176D73A;0x1789513;0x1789ECC;0x178AE1B;0x1798102;0x179C387;0x1849E4F;0x184A2E4;0x184B01D;0x184D43A;0x184DE7F;0x184F665;0x1954964;0x19556B5;0x195698F;0x1965B0A;0x19B3AA6;0x19B68C7;0x19D3613;0x19D3800;0x19D465C;0x19D4BD8;0x1A2602D;0x1A27CBA;0x1A293EC;0x1A298D7;0x1A29CD3;0x1A2A052;0x1A2BADF;0x1A34525;0x1A34913;0x1A3B86B;0x1A3C9D9;0x1A3D2E9;0x1A3D568;0x1A3E9D2;0x1A3F438;0x1A3FBB6;0x1A405D1;0x1A4196D;0x1A48CC3;0x1A492DE;0x1A508E8;0x1A5232F;0x1B165FA;0x1B85695;0x1B8726E;0x1C393A3;0x1C39A04;0x1C3B78A;0x1C3C4F2;0x1C3CF5B;0x1C3DE20;0x1C3DF42;0x1C3E5BB;0x1C4018D;0x1C439A6;0x1C45908;0x1C45A14;0x1C469BC;0x1C46F06;0x1C4878B;0x1C488D3;0x1C490EE;0x1C49D0F;0x1C49EBC;0x1C4A6C5;0x1C4B744;0x1C4BAA4;0x1C4BFBC;0x1C5179E;0x1C53019;0x1C54928;0x1C55999;0x1C5620A;0x1C56708;0x1C57445;0x1C57732;0x1C57838;0x1C58288;0x1C5A99F;0x1C5BF71;0x1C5EACD;0x1C819DB;0x1C82BE7;0x1C82FC6;0x1C83456;0x1C84450;0x1C8A5D5;0x1C8BF30;0x1C8C3EB;0x1C8DDCF;0x1CF1B1A;0x1CF2768;0x1CF2A9A;0x1CFE323;0x1CFFE01;0x1D01F05;0x1D02176;0x1D02363;0x1D0395F;0x1D06BE6;0x1D077A8;0x1D0A2C5;0x1D0B366;0x1D0B45A;0x1D0B662;0x1D0C0F0;0x1D0EB7F;0x1D0F5FE;0x1D0F737;0x1D11C4A;0x1D11D3E;0x1D1573B;0x1D18595;0x1D186E7;0x1D2051A;0x1D2068C;0x1D20932;0x1D22EB3;0x1D23987;0x1D2583B;0x1D25A33;0x1D26E15;0x1D27928;0x1D2A1BD;0x1D54EB5;0x1D56B80;0x1D58469;0x1D59D67;0x1D5AAA8;0x1D655C5;0x1D672EA;0x1D68F33;0x1D6E3A6;0x1D71C8B;0x1D74C99;0x1D79885;0x1D7A279;0x1DA6A23;0x1DA8242;0x1DA8824;0x1DA891F;0x1DAA28C;0x1DAC39A;0x1DAC7FB;0x1DAD677;0x1DC24C9;0x1DC35DA;0x1DC4FDA;0x1DC533D;0x1E15718;0x1E18C6D;0x1E18D69;0x1E18E52;0x1E36FAF;0x1E37B8A;0x1E38A6A;0x1E397C0;0x1E5955F;0x1E5AFEB;0x1E5BE89;0x1E5C4A4;0x1E93FBC;0x1E955CB;0x1E95810;0x1E960D1;0x1E9650D;0x1E9D2E3;0x1E9F0C9;0x1EA0511;0x1EA0D3F;0x1EA186D;0x1EA3683;0x1EA3CAF;0x1EA6060;0x1EA7FEF;0x1EA8175;0x1EAA2B4;0x1EB5EE5;0x1EB7353;0x1EB7400;0x1EB8FBB;0x1EBA776;0x1EBBBA6;0x1EBDAB6;0x1EBF3E7;0x1EC12B2;0x1EC2A27;0x1EC5906;0x1EC98E9;0x1ECEC4D;0x1ECEE1D;0x1ED3253;0x1ED5E3B;0x1EDA431;0x1EDA617;0x1EDBFEF;0x1EDC8E7;0x1F533CE;0x1F57AB4;0x1F5979E;0x1F73403;0x1F8A824;0x1F8AC74;0x1FDC855;0x1FE22AC;0x1FE438C;0x1FE4525;0x1FF1BCF;0x1FF3659;0x1FF3936;0x1FF58BF;0x1FF70B6;0x1FF7754;0x1FF79DE;0x1FF8A4B;0x200497A;0x2006440;0x20074C9;0x2008669;0x2058166;0x2063DE5;0x2064013;0x206ABBB;0x206B489;0x206B546;0x206B9B4;0x206C464;0x206FB21;0x20702E7;0x20710A9;0x2071128;0x2071304;0x2072DF1;0x2073021;0x2073289;0x20761A0;0x2076267;0x207634F;0x20763D6;0x20764DF;0x2076566;0x2076A0C;0x2076AC8;0x2076BAF;0x2076C2E;0x2076D2F;0x2076DAE;0x2077046;0x2077102;0x20771E1;0x2077317;0x20773BC;0x2077499;0x207753C;0x207767F;0x20776FE;0x207792B;0x20779F2;0x2077AEF;0x2077C35;0x2077CDC;0x2077DC3;0x2077E6C;0x2077FCF;0x2078056;0x2078445;0x207857F;0x20785FE;0x207DC6D;0x207DE9D;0x207E101;0x2080E64;0x208100E;0x2081221;0x2083011;0x2083241;0x20834A9;0x2085F3D;0x208616D;0x20863D1;0x2088F8D;0x20891BD;0x2089421;0x208C381;0x208C5B1;0x208C819;0x208F4CD;0x208F6FD;0x208F961;0x2093E50;0x2094290;0x2095357;0x2097E8B;0x209805A;0x2098148;0x2098237;0x209830A;0x20983DD;0x20985E4;0x20986D2;0x20987B2;0x2098895;0x2098970;0x2098A5E;0x2098B60;0x2098C45;0x2098D9B;0x2098FE5;0x2099134;0x209957A;0x2099729;0x2099856;0x2099935;0x2099A5C;0x2099C23;0x2099E98;0x2099FFF;0x209A11D;0x209A36F;0x209A4D0;0x209B315;0x209C8F0;0x209C9E0;0x209CB38;0x209CC86;0x209CD46;0x209CEBB;0x209CF6F;0x209D094;0x209D18C;0x209D26D;0x209D359;0x209D41D;0x209D507;0x209DB14;0x209DDF8;0x209E94E;0x209EAC6;0x209EB84;0x209ED6C;0x209EE4F;0x209F60D;0x209F890;0x209F98C;0x209FA84;0x209FB51;0x209FC3A;0x209FD61;0x209FF53;0x20A0217;0x20A0448;0x20A067F;0x20A5ADB;0x20A6121;0x20A6B99;0x20AA981;0x20AABB1;0x20AAE19;0x20AD64D;0x20AD87D;0x20ADAE1;0x20AF394;0x20AF53E;0x20AF751;0x20B1271;0x20B14A1;0x20B1709;0x20B2F3D;0x20B316D;0x20B33D1;0x20B4BFD;0x20B4E2D;0x20B5091;0x20B68C1;0x20B6AF1;0x20B6D59;0x20B858D;0x20B87BD;0x20B8A21;0x20BDB86;0x20BDD28;0x20BE376;0x20D8503;0x20D916F;0x20D921F;0x20D95FF;0x20D9B0A;0x20DA3D8;0x23703FC;0x25D69DA;0x290F0EF;0x290FAC9;0x290FD59;0x2910F21;0x29170F7;0x2917461;0x2917E4D;0x2918735;0x295424D;0x29548C1;0x2955E00;0x2956A38;0x2958090;0x295A8C9;0x295AF9F;0x295B095;0x295C36E;0x295D42E;0x295E52B;0x295E67B;0x295FC46;0x2960931;0x296286E;0x29630D5;0x296ECBA;0x29A92DA;0x2A15F3A;0x2A9FCE3;0x2AA061C;0x2AA2428;0x2AB1B98;0x2AD622D;0x2ADA7CE;0x2B16D32;0x2B66DE2,"utility behaviour, not a subject-specific activation path",OBSERVED,MEDIUM
activation_shared_helper_0x2AB2864,0x2AB2864,0x2AB2864-0x2AB28CD,internal_rva,shared internal helper reached from the audited subjects; static call sites in the image=1433,0x4EC4;0x8FE4;0x9164;0x16B18;0x1AC64;0x1BA74;0x1CB08;0x21F51;0x222B1;0x2D396;0x2D40D;0x2D509;0x2D5BB;0x2D609;0x2D680;0x2DA56;0x2DADA;0x2DBD7;0x2DC5D;0x2DCEA;0x2DD9A;0x2DF17;0x2E073;0x2FFED;0x30093;0x3061A;0x30D1C;0x3135F;0x313B2;0x34FC5;0x3515A;0x351F9;0x35293;0x3532D;0x353BE;0x3682F;0x376F5;0x38310;0x50434;0x5212B;0x5262B;0x5287B;0x52C25;0x52C88;0x52D13;0x52F4F;0x53035;0x53132;0x532FF;0x90514;0x9AAEF;0x9AB62;0x9ABCF;0x9AD52;0xA8864;0xBD404;0xC70F4;0x10137A;0x1018B4;0x102814;0x166814;0x1F1214;0x334004;0x334204;0x3ADF8A;0x3AEEE4;0x3AF2E3;0x3B2814;0x3B2C2C;0x3B3337;0x3B89F1;0x3B967A;0x3B999F;0x3BA74F;0x3D54E5;0x3D707C;0x3D798A;0x3D9D78;0x3DB507;0x3DCC4C;0x48C8DE;0x48CC05;0x48D610;0x48DFC1;0x48ED73;0x48EDC8;0x48F62E;0x48F6FE;0x48F7E4;0x49FCFB;0x49FE20;0x49FF56;0x4A32AE;0x4DB1DB;0x4DDE54;0x51B5A4;0x580E85;0x581212;0x581B72;0x5843DE;0x585989;0x585B27;0x5862E5;0x586823;0x5883F1;0x5885C9;0x589F93;0x58A0DB;0x58E27A;0x58F08C;0x58F1CB;0x58F828;0x5A65C1;0x5A665A;0x5A6781;0x5A681C;0x5A695B;0x5A6A19;0x5A80AB;0x5A8169;0x5A9837;0x5A98DA;0x5A99AB;0x5AB06E;0x5AB12C;0x5AB83E;0x5AB8FC;0x5AC009;0x5AC0B3;0x5AC179;0x5AD06E;0x5AD12C;0x5AD93E;0x5AD9FC;0x5AE1FE;0x5AE2A1;0x5AE379;0x5B12E2;0x5B62FB;0x5D62B8;0x5D6370;0x5D6855;0x5FD35B;0x5FD49A;0x5FEA1B;0x612184;0x612264;0x612344;0x612424;0x612504;0x6125B8;0x631650;0x63170E;0x634533;0x63BA55;0x66F1DB;0x66F29F;0x67034B;0x670400;0x670E1D;0x679231;0x67932B;0x679450;0x679E30;0x6AB8F1;0x6AB9DB;0x6ABB3E;0x6AC38E;0x6C74D3;0x6D182B;0x6D5173;0x6DA14B;0x6E4FD0;0x6E6378;0x6FF343;0x6FF488;0x72C084;0x736CC5;0x7376FD;0x738C50;0x73A342;0x73BFB1;0x73D552;0x73E378;0x73EE2D;0x7400F8;0x74098D;0x740EA0;0x741401;0x741E77;0x74443B;0x7454D9;0x746CED;0x748343;0x7494C9;0x749647;0x74A8D1;0x74E8A4;0x7502A6;0x750A44;0x751BCE;0x765D20;0x76634C;0x76654E;0x767A92;0x7A3144;0x7BAB64;0x7CF944;0x7E6EAF;0x7E7308;0x7E7CCC;0x7E8711;0x7E9333;0x7E97AA;0x7EA1B2;0x7EACA2;0x84FD64;0x8A18D0;0x8A1B43;0x8A24E4;0x8A2E6F;0x8A3672;0x8A38C7;0x8A4268;0x8A4B62;0x8A55BE;0x8A5809;0x8A61AA;0x8A6B3E;0x8A7306;0x8A7551;0x8A7EF2;0x8A87E9;0x8A930A;0x8A95B6;0x8A9F83;0x8AA8AF;0x8AB12F;0x8AB3E2;0x8ABDBC;0x8AC6DA;0x8BFEC1;0x8C01C6;0x8C0B42;0x8C1383;0x8C19FD;0x8C1CEE;0x8C266E;0x8C2F2F;0x91EF5A;0x91F183;0x922666;0x923C80;0x92DC3A;0x9409B7;0x941C8E;0x943E96;0x9458A2;0x947B29;0x947CDB;0x947F4C;0x94A702;0x94AC82;0x94C49C;0x94DCCC;0x94E2B7;0x952B7C;0x953683;0x9543B7;0x954758;0x958431;0x95C34F;0x95C4EB;0xA0AF5F;0xA0B0B3;0xA11959;0xA13791;0xA1D117;0xA1D70C;0xA1EDA2;0xA41FFB;0xA427FF;0xA429BC;0xA44EF5;0xA45CE5;0xA544EB;0xA560FD;0xA63A8B;0xA64653;0xA6A6E7;0xA6A8BB;0xA6AD90;0xA6C03F;0xA6C1C6;0xA6D55B;0xA6E756;0xA709D9;0xA714D0;0xA7299D;0xA740CF;0xA74232;0xA7AACC;0xA7B4A5;0xA7BCBD;0xA83BF4;0xA8656F;0xA8A195;0xA8DA93;0xA8EB70;0xA992F6;0xA9A21E;0xA9CF34;0xAA88AC;0xAB2BEF;0xB0E444;0xB52B1E;0xB53F15;0xB59878;0xB5B355;0xB5CFC6;0xB5F060;0xB65100;0xB67AEB;0xB6F70A;0xB72614;0xB75F9C;0xB764FD;0xB76855;0xB77227;0xC7091E;0xC724D9;0xC729F5;0xC74631;0xC7737C;0xC7D20B;0xC7DC28;0xC8105F;0xC832FE;0xC838B7;0xC8CED9;0xC90C30;0xC9100A;0xC91B0F;0xC9248B;0xCBD7DC;0xCBE310;0xCBEF62;0xCC296B;0xCE8E0C;0xCE94F9;0xE8B04D;0xE8B420;0xE8BE5D;0xE8C73A;0xE8D2E3;0xE8DD85;0xEA6C74;0xF56FD4;0xF5714F;0xFAE24A;0xFB1BE3;0xFB2763;0xFC4375;0xFC8B4C;0xFC9629;0xFC978A;0xFCA21E;0xFCF3BA;0xFD225D;0xFD6343;0xFDB7DB;0xFDCAAE;0xFE056D;0xFE0912;0xFE1887;0xFE28AA;0xFE3359;0xFE5806;0xFE66C3;0xFE6AA1;0xFE819F;0xFE98DE;0xFEA2B1;0xFEBD4F;0xFEC178;0xFEE35E;0xFEFDF6;0xFF26C5;0xFF2820;0xFF7868;0xFF797E;0xFFA16F;0xFFBB7D;0xFFC2FE;0xFFF016;0xFFF298;0xFFF59A;0xFFFAB2;0xFFFE64;0x100269C;0x1002C67;0x1007B05;0x100B355;0x100B5E0;0x100B9CB;0x1024D9B;0x1027455;0x10298AC;0x102D54A;0x1031C9F;0x10323C1;0x103507B;0x106A4D1;0x1101B64;0x1177639;0x12AD25C;0x12AD580;0x12AD839;0x12ADA86;0x12AE8EA;0x12AEA75;0x12AF469;0x12B04DF;0x12B0691;0x12B17E7;0x12B262F;0x12B31FE;0x12B445A;0x12B64EC;0x12B7CE4;0x12B7EC4;0x12BBD90;0x12BC7E7;0x12BCBA2;0x12BD860;0x12C1A49;0x12C24F7;0x12C3D6D;0x12C49C6;0x12FC264;0x1338FD4;0x137F073;0x139C734;0x13B6225;0x13B6F9D;0x13B7BF4;0x13B7D55;0x13B7FCF;0x13B89D7;0x13B8F91;0x13B9E1C;0x13BB688;0x13BB9C6;0x13BC813;0x13BC8A7;0x13BC917;0x13BD8DE;0x13BDA89;0x13BE669;0x13BEE5C;0x13BF11C;0x13BF5F3;0x13BF763;0x13BFB80;0x13C035E;0x13C1232;0x13C12C6;0x13C1752;0x13C1931;0x13C23CD;0x13C2528;0x13C2DCE;0x13C2E79;0x13C2F17;0x13C34D8;0x13C471F;0x13C47D1;0x13C493A;0x13C4DCF;0x13C5B7D;0x13C5DA5;0x13C5FE3;0x13C6090;0x13C611C;0x13C6251;0x13C6A7D;0x13C6B95;0x13C8134;0x13C81CA;0x13C8426;0x13C884C;0x13C8A52;0x13C8C62;0x13C8DAC;0x13C93DE;0x13C98C3;0x13CA32C;0x13CA44D;0x13CCC18;0x13CCDC0;0x13CD097;0x13CD135;0x13CD523;0x13CD7F5;0x13CD872;0x13CDEAF;0x13CDF73;0x13CE761;0x13CE89D;0x13CF319;0x13CF479;0x13CF769;0x13CFB87;0x13CFDFB;0x13D019F;0x13D0677;0x13D07CD;0x13D0855;0x13D0FE1;0x13D18AA;0x13D1CDA;0x13D2923;0x13D2DE3;0x13D3192;0x13D36EC;0x13D461C;0x13D46DB;0x13D527F;0x13D536F;0x13D5EA3;0x13D669C;0x13D69AD;0x13D6A6A;0x13D7299;0x13D732B;0x13D77E3;0x13D85DE;0x13D8854;0x13D9366;0x13D9AF6;0x13DA04D;0x13DA77C;0x13DB65A;0x13DB700;0x13DBB21;0x13DC1E2;0x13DC4CE;0x13DC635;0x13DCAA5;0x13DCD57;0x13DCE99;0x13DE4DE;0x13DFD50;0x13E04EB;0x13E23DE;0x13E28BF;0x13E349B;0x13E3745;0x13E37C8;0x13E3EF7;0x13E41C0;0x13E434B;0x13E4F36;0x13E5914;0x13E5B54;0x13E5BE8;0x13E6A31;0x13E7547;0x13E82F9;0x13E9201;0x13E9BE7;0x13EA377;0x13EA489;0x13EA70B;0x13EA7C7;0x13EAFDB;0x13EB67E;0x13EBB20;0x13EC39D;0x13ECFE2;0x13ED2BD;0x13ED45E;0x13EF438;0x13EF5A8;0x13EF63A;0x13EFA07;0x13F028F;0x13F1842;0x13F1F13;0x13F2180;0x13F223F;0x13F22D7;0x13F2697;0x13F306C;0x13F44F8;0x13F47F9;0x13F4B9E;0x13F4C36;0x13F6324;0x13F69E0;0x13F6F03;0x13F70EC;0x13F76CA;0x13F7C95;0x13F7E52;0x13F8552;0x13F9019;0x13F9B8A;0x13F9C1E;0x13FA57C;0x13FBC57;0x13FC210;0x13FC879;0x13FCF19;0x13FF167;0x13FF1EF;0x140006B;0x14003DA;0x1400B46;0x1400C9E;0x140150A;0x140264B;0x14032EB;0x140349B;0x14038A3;0x1403D8F;0x14044AB;0x140458F;0x1404F2C;0x1405382;0x1405651;0x1405876;0x1406B97;0x1406D24;0x1406F56;0x1407282;0x1407384;0x1407F99;0x1408C27;0x140A348;0x140A8A8;0x140AF4A;0x140B1B4;0x140B330;0x140C0A6;0x140CACE;0x140D4C2;0x140D64D;0x140DBF1;0x140E346;0x140E762;0x140E9E8;0x140ED70;0x140FD82;0x1412960;0x1412BDD;0x141303B;0x14135FE;0x1414F89;0x1415BDE;0x141635C;0x1417F83;0x14191AC;0x1419C1F;0x1419CE7;0x141B19F;0x141BDAE;0x141C30C;0x141CAD8;0x141CC21;0x141DE69;0x141E2C0;0x141E451;0x141F2AB;0x141F5A5;0x141FC77;0x1420475;0x14207D0;0x1420BFD;0x1420C7C;0x14211EF;0x1421736;0x1421CB8;0x1422021;0x142218E;0x1422769;0x1422CB3;0x14241DC;0x14248EB;0x1425625;0x1426170;0x14261FA;0x142628F;0x1426433;0x1426C32;0x1427394;0x142762A;0x1427E29;0x1428CE0;0x1429AE9;0x142A07A;0x142AF66;0x142B974;0x142BF08;0x142C6AE;0x142D9FA;0x142ECB9;0x14301D2;0x1430DE5;0x1430E81;0x1431AFC;0x1431B9E;0x1431F69;0x1431FFD;0x14323AA;0x1432C5D;0x1432E13;0x1433C72;0x143423D;0x1434948;0x14358EE;0x1436224;0x1437DEF;0x1438FE8;0x1439C1A;0x143A4C4;0x143A779;0x143A807;0x143AC33;0x143AE71;0x143B2FE;0x143B46F;0x143BA70;0x143BBAF;0x143BC4E;0x143BCEE;0x143BF35;0x143BFDC;0x143D1FB;0x143D827;0x143DAFA;0x143E014;0x143E693;0x143EC57;0x143F2F8;0x143F464;0x143F6BE;0x144020F;0x14403E4;0x1440F48;0x14424C3;0x144267B;0x1442C7D;0x144369D;0x1443B12;0x1443E36;0x1443F8B;0x14456E1;0x144585C;0x144602A;0x14464A5;0x1447EE8;0x1448765;0x1448A1B;0x1448CEA;0x14493B2;0x144A4C9;0x144ADD5;0x144B473;0x144B70F;0x144CB4E;0x144E244;0x144EF45;0x1450399;0x1450443;0x1450879;0x1451514;0x14516CD;0x1451C46;0x145380D;0x14541E5;0x14543AA;0x14546AD;0x1454F7D;0x1456A0F;0x1457181;0x14596C7;0x1459B22;0x145A6FD;0x145A901;0x145AB9B;0x145B4CB;0x145B597;0x145C124;0x145CC78;0x145E411;0x145E517;0x145E60F;0x145E7A3;0x145F41C;0x1460636;0x14616DA;0x1461DD7;0x1462116;0x1462B3C;0x1463193;0x1464C7D;0x146572A;0x1465A43;0x1465E3D;0x1468AEE;0x14697E5;0x1469B2F;0x1469DE0;0x146AE52;0x146B28B;0x146BFC2;0x146DB38;0x146E8E9;0x146E99E;0x146EED8;0x146F015;0x146F1D8;0x146F619;0x146FD99;0x1470071;0x147033E;0x14717A8;0x1472EBA;0x1473339;0x147366D;0x14757FB;0x1475DEF;0x1476111;0x147625E;0x147857E;0x1478B29;0x14790C8;0x147950D;0x147A4A3;0x147A93B;0x147AE1B;0x147B3A5;0x147CB39;0x147CBEC;0x147D70A;0x147DE17;0x147E204;0x147F37F;0x147F8E3;0x147FE3F;0x14805CA;0x1480A04;0x1480C57;0x1480EE8;0x1481577;0x14827EF;0x1482975;0x1483344;0x1483E9D;0x1483F5D;0x1485DB3;0x14862AC;0x14870A8;0x148718B;0x14872D9;0x1487ED0;0x1487F55;0x1488479;0x14895D6;0x1489929;0x14899D0;0x148A729;0x148BD50;0x148D28B;0x148E9F4;0x148EA82;0x148EB2B;0x148F28E;0x148FE67;0x148FEF0;0x148FF7E;0x149009C;0x1490228;0x1490371;0x14904B1;0x1490937;0x1493961;0x14945E8;0x1495D8E;0x149620F;0x1496420;0x1496DBC;0x149791C;0x149894C;0x1498D3A;0x1498F24;0x1499125;0x149A46C;0x149AE98;0x149BDCE;0x149DCC2;0x149E83F;0x149EA51;0x149EB10;0x14A0117;0x14A0223;0x14A21DC;0x14A2277;0x14A2BF4;0x14A3482;0x14A3904;0x14A4280;0x14A5E87;0x14A6489;0x14A6DD7;0x14A70A0;0x14A81CE;0x14A837A;0x14A84E6;0x14A98A5;0x14A9B2D;0x14AA4DA;0x14AB0DD;0x14AD39C;0x14AD5DB;0x14AD66B;0x14ADE00;0x14AE521;0x14AEEDD;0x14B1EBD;0x14B1F6C;0x14B2346;0x14B29A7;0x14B36A8;0x14B3D03;0x14B4BFF;0x14B51ED;0x14B53D0;0x14B57B9;0x14B7788;0x14B8814;0x14B9FE0;0x14BA1D6;0x14BB2BA;0x14BB36D;0x14BC152;0x14BC6F0;0x14BCC3C;0x14BE160;0x14BEA7A;0x14BF13E;0x14BFBAF;0x14BFEBF;0x14C0130;0x14C0938;0x14C0F37;0x14C1AE0;0x14C1E8D;0x14C2022;0x14C42E4;0x14C4A71;0x14C5824;0x14C6178;0x14C6685;0x14C6C45;0x14C7CEC;0x14C852C;0x14C8826;0x14C9F27;0x14CA37C;0x14CADE9;0x14CC18C;0x14CC727;0x14CDBBB;0x14CE54E;0x14CF09B;0x14CF903;0x14CFE92;0x14D1152;0x14D148A;0x14D4378;0x14D476F;0x14D47FA;0x14D71B1;0x14D7BA1;0x14D9481;0x14DA611;0x14DAB32;0x14DC8C0;0x14DD8DD;0x14DD99A;0x14DE8CF;0x14DEF1A;0x14DF4AE;0x14F5A98;0x14F5D58;0x14F5E8E;0x14F5FC3;0x14F62D5;0x15E6CC4;0x16A1ED4;0x173C674;0x173CD64;0x17557F4;0x176D684;0x176D754;0x1789E16;0x178B748;0x178CBD7;0x1798A49;0x179AF3A;0x184A457;0x184AB88;0x184AF00;0x184B75C;0x184C167;0x184EA08;0x195508D;0x1955F74;0x1956B00;0x1965B24;0x19B155E;0x19B6564;0x19D3CA9;0x19D413C;0x19D4B38;0x19D4D5F;0x1A25CBD;0x1A27101;0x1A29E09;0x1A2A4D1;0x1A3300B;0x1A33431;0x1A33692;0x1A34AD0;0x1A3B808;0x1A3BA91;0x1A3E15D;0x1A3E27F;0x1A3EC77;0x1A3ED89;0x1A402EE;0x1A415CA;0x1A417C6;0x1A41B28;0x1A4902B;0x1A5054F;0x1A506DB;0x1A51F5E;0x1B16614;0x1B85A6C;0x1B86F7E;0x1C37ED8;0x1C3A7C5;0x1C3BA3E;0x1C3D2FE;0x1C3EC5B;0x1C3F5BE;0x1C3FC6D;0x1C3FE25;0x1C40E72;0x1C437BC;0x1C43922;0x1C43BC3;0x1C44BB4;0x1C44F2A;0x1C452A4;0x1C45750;0x1C46E6B;0x1C4809F;0x1C49A58;0x1C4ADBB;0x1C4CD12;0x1C4E202;0x1C501A3;0x1C50D4A;0x1C5341D;0x1C535CD;0x1C56665;0x1C56E27;0x1C57F79;0x1C58497;0x1C5986D;0x1C5BB5D;0x1C5CB19;0x1C5CF49;0x1C5D854;0x1C5E9FE;0x1C811E5;0x1C81CF3;0x1C8323C;0x1C83B7B;0x1C84260;0x1C8A7D1;0x1C8B6BC;0x1C8CA60;0x1C8DFB4;0x1CEFDEE;0x1CF3012;0x1CFBB3D;0x1CFBD72;0x1CFC457;0x1CFD202;0x1CFDC26;0x1CFDE55;0x1CFEC0A;0x1D053B4;0x1D05628;0x1D0624D;0x1D07FC4;0x1D0B16F;0x1D0B839;0x1D0DD3D;0x1D0DF9D;0x1D0EAF5;0x1D0F197;0x1D107D9;0x1D116E0;0x1D14202;0x1D149F5;0x1D15959;0x1D20F1F;0x1D21243;0x1D217FF;0x1D2341C;0x1D25347;0x1D267E1;0x1D26C49;0x1D27DD3;0x1D29E94;0x1D2A162;0x1D54586;0x1D57B06;0x1D5F8DC;0x1D62FE8;0x1D63492;0x1D63E99;0x1D640EC;0x1D6654C;0x1D6B0E6;0x1D6DF66;0x1D70896;0x1D72974;0x1D76859;0x1DA7774;0x1DA7C64;0x1DA81FA;0x1DA9379;0x1DA9DAE;0x1DAAE2F;0x1DAC331;0x1DAD508;0x1DC2CF3;0x1DC2E6A;0x1DC3809;0x1DC3CAF;0x1E15F04;0x1E1636B;0x1E18C10;0x1E19646;0x1E3893B;0x1E38CAF;0x1E38DEA;0x1E39D56;0x1E5999F;0x1E5A71A;0x1E5ACB3;0x1E5AE5B;0x1E9504A;0x1E97D86;0x1E98210;0x1E9A837;0x1E9D5FE;0x1E9E310;0x1E9E6AA;0x1EA09D2;0x1EA1D76;0x1EA2EC9;0x1EA38F9;0x1EA581B;0x1EA7F03;0x1EA836D;0x1EA889A;0x1EA8A2C;0x1EB534D;0x1EB6181;0x1EB63ED;0x1EB7589;0x1EBD7F4;0x1EBF015;0x1EC5C8E;0x1EC5F92;0x1ECC0B9;0x1ECC5BF;0x1ECD210;0x1ECD686;0x1ED137D;0x1ED2A5C;0x1ED3016;0x1ED3469;0x1ED7F40;0x1ED9AAD;0x1EDB355;0x1EDBCC0;0x1F5C0AE;0x1F5D383;0x1F63F09;0x1F79337;0x1F8A89B;0x1F8ACEB;0x1FDE6F3;0x1FE058A;0x1FE3C4A;0x1FE50D4;0x1FF2242;0x1FF2500;0x1FF2D9F;0x1FF31FC;0x1FF49FF;0x1FF5844;0x1FF6A69;0x1FF6EC3;0x2004F8F;0x200608F;0x2007001;0x20071F2;0x2058182;0x2063E34;0x2064065;0x206AC0A;0x206B4D8;0x206B574;0x206B9E2;0x206C492;0x206FB70;0x2070301;0x20710DC;0x207115B;0x2071337;0x2072E40;0x2073070;0x20732D8;0x20761D0;0x2076297;0x2076380;0x2076409;0x2076510;0x2076599;0x2076A3F;0x2076AFB;0x2076BE2;0x2076C61;0x2076D62;0x2076DE1;0x2077077;0x2077133;0x2077214;0x2077348;0x20773EF;0x20774CA;0x207756F;0x20776B2;0x2077731;0x2077959;0x2077A20;0x2077B1F;0x2077C66;0x2077D0F;0x2077DF4;0x2077E9F;0x2078000;0x2078089;0x2078478;0x20785B2;0x2078631;0x207DCBC;0x207DEEC;0x207E150;0x2080EB3;0x208105D;0x2081270;0x2083060;0x2083290;0x20834F8;0x2085F8C;0x20861BC;0x2086420;0x2088FDC;0x208920C;0x2089470;0x208C3D0;0x208C600;0x208C868;0x208F51C;0x208F74C;0x208F9B0;0x2093E9F;0x20942E5;0x20953A6;0x2097EDA;0x20980A9;0x2098197;0x2098286;0x2098359;0x209842C;0x2098633;0x2098721;0x2098801;0x20988E4;0x20989BF;0x2098AAD;0x2098BAF;0x2098C94;0x2098DEA;0x2099034;0x2099183;0x20995C9;0x2099778;0x20998A5;0x2099984;0x2099AAB;0x2099C72;0x2099EE7;0x209A04E;0x209A16C;0x209A3BE;0x209A51F;0x209B364;0x209C93F;0x209CA2F;0x209CB8A;0x209CCD8;0x209CD98;0x209CF0A;0x209CFBE;0x209D0E3;0x209D1DB;0x209D2BC;0x209D373;0x209D46C;0x209D556;0x209DB63;0x209DE47;0x209E99D;0x209EB15;0x209EBD3;0x209EDBB;0x209EE9E;0x209F65C;0x209F8DF;0x209F9DB;0x209FAD3;0x209FBA0;0x209FC89;0x209FDB0;0x209FFA2;0x20A0266;0x20A0497;0x20A06CE;0x20A5B2A;0x20A6170;0x20A6BC7;0x20AA9D0;0x20AAC00;0x20AAE68;0x20AD69C;0x20AD8CC;0x20ADB30;0x20AF3E3;0x20AF58D;0x20AF7A0;0x20B12C0;0x20B14F0;0x20B1758;0x20B2F8C;0x20B31BC;0x20B3420;0x20B4C4C;0x20B4E7C;0x20B50E0;0x20B6910;0x20B6B40;0x20B6DA8;0x20B85DC;0x20B880C;0x20B8A70;0x20BDBA3;0x20BDD42;0x20BE390;0x20D8527;0x20D9190;0x20D9240;0x20D9620;0x20D9B3E;0x20DA40C;0x2370430;0x25D69F4;0x290ECD5;0x290F08A;0x290F76E;0x2910A82;0x291722B;0x2917554;0x2917F36;0x29188DC;0x295530B;0x29557BC;0x2956F21;0x29575EC;0x2957EFB;0x2958571;0x29592B9;0x2959EF1;0x295A5EF;0x295B69A;0x295C2D5;0x295DC1B;0x295E8B7;0x295ECA6;0x295FA10;0x2960035;0x296ECD4;0x29A92F4;0x2A15F54;0x2A9FD06;0x2AA0655;0x2AA2484;0x2AB1BB9;0x2AD6295;0x2ADA7EE;0x2B16D52;0x2B66DCA,"utility behaviour, not a subject-specific activation path",OBSERVED,MEDIUM
activation_shared_helper_0x2AB3500,0x2AB3500,0x2AB3500-0x2AB351E,internal_rva,shared internal helper reached from the audited subjects; static call sites in the image=2408,0x10AE;0x196C;0x4299;0x46E9;0x4B39;0xBEBF;0xCEB1;0xD1F9;0xD379;0xD4A9;0xD60B;0xD739;0xD864;0xD999;0xDAC6;0xDC16;0xEDF9;0xEF97;0xF0C9;0xF234;0xF369;0xF49D;0xF5D9;0xF70F;0x101E1;0x102EF;0x10CC8;0x10EB8;0x11061;0x111D5;0x112C9;0x11559;0x11829;0x1196E;0x11A69;0x127A7;0x128F4;0x12B80;0x12CD8;0x12DC9;0x13FBE;0x17F54;0x187CE;0x18CD2;0x18F06;0x19C21;0x1CD86;0x1D038;0x1D52F;0x1DFCB;0x1E250;0x1E344;0x1E570;0x1E9B5;0x1F610;0x1FBF2;0x21A63;0x335C8;0x33641;0x340F1;0x34625;0x3502B;0x35404;0x357AD;0x37659;0x38B55;0x39FB6;0x41FEA;0x42006;0x42027;0x42253;0x4231B;0x425F9;0x43B11;0x43C91;0x4546A;0x47837;0x488AA;0x4DC03;0x4DC67;0x50346;0x503C9;0x52449;0x534DA;0x8F6A5;0x8FA9D;0x8FC25;0x902D1;0x90474;0x90820;0x91F9C;0x941DF;0x95044;0x95219;0x953AE;0x95559;0x956C1;0x957F9;0x9592A;0x95A69;0x95B9C;0x95CF7;0x96F49;0x970F9;0x97239;0x973AA;0x974E9;0x97623;0x97759;0x97895;0x98321;0x98430;0x98D54;0x98F0A;0x99041;0x991B7;0x992A9;0x99539;0x997A9;0x998F0;0x999E9;0x9A6FA;0x9A824;0x9A980;0x9AA79;0x9AEF1;0x9BC15;0x9BD80;0x9C4C3;0x9F450;0xA7761;0xBCFBA;0xC35EA;0xC3677;0xC6B20;0xC9510;0xC95E0;0xCA2B7;0xCA36F;0xCA482;0xCAFF9;0xCC520;0xCC657;0xCCE6E;0xCD76A;0x10003C;0x100264;0x10130F;0x101847;0x102225;0x102F19;0x10300E;0x103618;0x103BF8;0x103D49;0x103EA1;0x1041EC;0x104434;0x10473A;0x10497A;0x107FF0;0x108AF3;0x108DA7;0x108FF3;0x10930D;0x10B351;0x10BE0F;0x10E677;0x10EDF0;0x10EF1D;0x10F0F5;0x120A4E;0x120B0D;0x12E337;0x13043F;0x1536AC;0x1538F6;0x153A77;0x153A8D;0x154B0D;0x154CEA;0x155042;0x1552C4;0x155540;0x15582A;0x155AFE;0x155CD1;0x155E94;0x1560FC;0x15646C;0x15667E;0x15686F;0x156A5E;0x156C75;0x156F87;0x1571E2;0x1573CB;0x1578E0;0x157B09;0x157CDE;0x157F42;0x158221;0x1584A8;0x158795;0x158A8F;0x158DD5;0x1590A0;0x15933D;0x1594A4;0x1598AD;0x159B0E;0x159D13;0x159F3A;0x15A1AC;0x15A485;0x15A6E6;0x15A906;0x15AB5F;0x15AD45;0x15AFC6;0x15B227;0x15B4D9;0x15B7B8;0x15BC7F;0x15BF13;0x15C18B;0x15C447;0x15C6F0;0x15C9F7;0x15CD16;0x15CFB0;0x15D27A;0x15D516;0x15D73E;0x15D944;0x15DB8A;0x15DE2A;0x15E059;0x15E323;0x15E523;0x15E79D;0x15EA1B;0x15EC3E;0x15EE5D;0x15F2E2;0x15F6DB;0x15FB18;0x15FE6C;0x1602C3;0x1605DF;0x160960;0x160DCD;0x161059;0x1612CF;0x16156F;0x16184D;0x161B00;0x161DD0;0x162122;0x16231D;0x162561;0x16283E;0x162A58;0x162C31;0x162DF4;0x1630C7;0x1633A3;0x163618;0x163927;0x163B9E;0x163E2D;0x164068;0x1641D4;0x16452D;0x16481A;0x164A60;0x164D54;0x164FB3;0x1652FB;0x165645;0x16583F;0x165B70;0x166187;0x1663B9;0x168EF6;0x18D077;0x18DA3D;0x18DB1F;0x18DE7A;0x18E03A;0x18E390;0x18E732;0x18E972;0x18EB54;0x18ED13;0x18FE5A;0x190224;0x19118D;0x19159B;0x1916AF;0x191C61;0x191CA2;0x191CDD;0x191CF6;0x191D35;0x191E31;0x191E7F;0x191EDB;0x192E17;0x1930B2;0x193454;0x199779;0x199997;0x199A1F;0x199AEA;0x199D5F;0x1F6D29;0x1F770D;0x1F7EFE;0x1F82B7;0x219DAD;0x21A8E6;0x21C766;0x2F267C;0x2F2902;0x32C86A;0x32C944;0x32C9DD;0x333F2C;0x3346C7;0x33486F;0x3AC1DF;0x3AC6E3;0x3ACBF3;0x3ACC50;0x3AD153;0x3AD663;0x3BB62C;0x3BC913;0x3DD4C6;0x3DDD15;0x3DDF09;0x3DE0E1;0x3DE2D3;0x3DE4B1;0x3DE669;0x3E1D02;0x41563A;0x4206A8;0x44AAA1;0x47F87F;0x47F932;0x482542;0x484337;0x48C485;0x48C50C;0x48EC97;0x4ACFAE;0x4C494D;0x4C8759;0x4C8F44;0x4C968B;0x4C97A3;0x4C9EB4;0x4CA8E8;0x4CB126;0x4CB970;0x4D5C62;0x4D643E;0x4D64BE;0x4D66D9;0x4D758E;0x4D75A8;0x4D779E;0x4D77B8;0x4DDD1F;0x4E128A;0x4F053F;0x4F0673;0x4F09F4;0x4F0E84;0x4F0FEB;0x4F1DC0;0x4F2B30;0x502FF2;0x519382;0x51A12B;0x51A9AF;0x51AD4A;0x51B3AD;0x51B53D;0x51D85D;0x51DA8C;0x51DC3B;0x51DDBF;0x51DFD6;0x51E191;0x51E356;0x51E50F;0x51E6DA;0x51E846;0x51E9C5;0x51EBCA;0x5249A6;0x524AB5;0x525204;0x525BC2;0x5263C1;0x526BAC;0x526CB7;0x527364;0x5281FB;0x5288D4;0x52BA98;0x52BCA5;0x52BDEE;0x52C4D2;0x52CD15;0x52CE37;0x52D622;0x52DE2A;0x52E002;0x52EFE6;0x5329E4;0x53DFF6;0x53E1CF;0x53F732;0x53F98C;0x53FADA;0x540C74;0x541AA3;0x541BE7;0x541D07;0x542D3D;0x5439D5;0x543B2C;0x543FE4;0x544DEB;0x544F98;0x545460;0x545F2A;0x5460BD;0x54629B;0x5477E3;0x54792B;0x5492D1;0x54941D;0x549590;0x5499D0;0x549E69;0x549F7F;0x54A773;0x54B1B9;0x54B36D;0x54B949;0x54C303;0x54C489;0x54C80E;0x54D7BF;0x54DF8C;0x54E67E;0x567311;0x567571;0x56F61F;0x56FAA3;0x570348;0x570AA8;0x571EE5;0x571FE9;0x573405;0x5746F3;0x57662E;0x578A6E;0x579AAE;0x579C46;0x57A9DD;0x57B192;0x57B2FB;0x57BB64;0x57BC48;0x57ED29;0x57F388;0x58B771;0x590001;0x590192;0x590D5E;0x591FCD;0x592168;0x5A7F69;0x5A970C;0x5B332D;0x5EE581;0x5F929A;0x6047E7;0x6080FE;0x60888E;0x60983D;0x609C4A;0x669F0B;0x66A8F1;0x66C21B;0x66C4B1;0x66E3F6;0x66FD48;0x66FE4F;0x6707B3;0x670994;0x6711A3;0x6754CE;0x67A7CB;0x67CC1B;0x683C95;0x683F22;0x69AD04;0x69AD38;0x69AD6C;0x69ADA0;0x69ADD4;0x69B0F2;0x69B6CF;0x69B6F7;0x69B71F;0x69B747;0x69B76F;0x69B79B;0x69B97A;0x6CD983;0x6CD9A2;0x6E4E8D;0x6E8283;0x6E8AD3;0x6E9067;0x6EAEAD;0x6EB89B;0x6EF336;0x6F8B19;0x6F8C8B;0x6F93D8;0x6FC5CE;0x7021A8;0x7043EB;0x72BE58;0x72C7B5;0x72D841;0x72D9A5;0x72DA90;0x72DE2A;0x730615;0x730869;0x732147;0x732CFD;0x732E52;0x73594D;0x735AB1;0x73F2D5;0x747C90;0x747DF6;0x74C3E0;0x74C866;0x76200C;0x764DDD;0x765431;0x768DA5;0x76B6CE;0x76EA08;0x76F1C0;0x76F6BA;0x76FECA;0x7703DE;0x77058B;0x7709C0;0x770C10;0x770E29;0x77100C;0x771195;0x7712B8;0x7714A2;0x771676;0x77181C;0x7719DC;0x771B4F;0x771E23;0x772109;0x7722DD;0x7724B5;0x772689;0x7728B8;0x772AC1;0x772CA1;0x772DF0;0x772FBD;0x7731BC;0x773320;0x773480;0x773643;0x7737F0;0x773A24;0x773B94;0x773D01;0x773EBE;0x77415A;0x7744EC;0x7746ED;0x77489F;0x774AE7;0x774C73;0x774E3F;0x774FEF;0x775179;0x775409;0x775610;0x7757D9;0x775987;0x775ADC;0x775C92;0x775E42;0x77601B;0x77618D;0x776364;0x776591;0x776725;0x7768BB;0x776AEA;0x776CC5;0x776E3B;0x7771C1;0x77740F;0x7775E1;0x7777B4;0x7778FD;0x777AB3;0x777CB4;0x777F7D;0x7782F0;0x77865E;0x778854;0x778A02;0x778D3C;0x778E84;0x778FDE;0x7790E4;0x77927E;0x779458;0x7796E8;0x77986B;0x7799F6;0x779B8A;0x779D56;0x779EE5;0x77A0A0;0x77A224;0x77A3E5;0x77A572;0x77A6A6;0x77A894;0x77AA1F;0x77AC0F;0x77AEB3;0x77B019;0x77B170;0x77B207;0x77CB3F;0x77F2D4;0x785A89;0x789DCD;0x78B4AD;0x78B666;0x78BC68;0x78BD8F;0x78C238;0x78D06E;0x78D8EA;0x78E1E9;0x78E2DB;0x78E496;0x78E5BB;0x78FEE6;0x79046F;0x795AA0;0x795ADF;0x796717;0x796773;0x7A2D82;0x7A30B0;0x7A32F1;0x7AABF0;0x7AAC7D;0x7BADB8;0x7CC254;0x7CCA75;0x7CDCB3;0x7CDECE;0x7CE07C;0x7CE1C4;0x7CE454;0x7CE6A4;0x7CF248;0x7CF604;0x7D297D;0x7D31A5;0x7D3CED;0x7D6EEC;0x7D78AD;0x7D84DC;0x7DAA7A;0x7DB848;0x7DDB8F;0x7E1E5E;0x7E1EAE;0x7E2480;0x7E6A02;0x7E6C32;0x8125B2;0x8127E2;0x812A12;0x812C98;0x812EC2;0x8130F2;0x8192A2;0x8194D2;0x819702;0x819932;0x819B62;0x81A4D0;0x81AB57;0x81AD49;0x81E7AC;0x81F40C;0x83D828;0x83D954;0x83DA7E;0x83E309;0x83EA48;0x83EE58;0x83F149;0x83F6ED;0x83F8ED;0x83FD74;0x840168;0x8407EC;0x840936;0x840A1D;0x840E6F;0x84166E;0x84175C;0x841878;0x841CD8;0x8420E4;0x8426E9;0x8427CC;0x842F80;0x860793;0x96009E;0x9A39DB;0x9A4561;0x9A6815;0x9A74A8;0x9A75B4;0x9A988C;0xA9D09C;0xAA67CA;0xAA744D;0xAA7536;0xAA79C5;0xAD849E;0xAE32D0;0xB0B8EA;0xB0D365;0xB0D65F;0xB0DCCB;0xB0E010;0xB0E1EA;0xB11803;0xB1194B;0xB11AF9;0xB11C8D;0xB11E3F;0xB120EE;0xB172B7;0xB4AD59;0xB4E4CD;0xB75BED;0xB75E5D;0xB77B09;0xB77CD3;0xB7888C;0xB79A0C;0xB79C3B;0xB79E33;0xB7A380;0xB7A505;0xB812A7;0xB8146D;0xB8161D;0xB81753;0xB81955;0xB81B41;0xB81C3F;0xB81DF3;0xB81FC4;0xB8210F;0xB82268;0xB82422;0xB831D8;0xB83373;0xB8374B;0xB83967;0xB83BB3;0xB83D91;0xB83F0A;0xB8409E;0xB8428B;0xB8441D;0xBC5157;0xBC74CA;0xBC9B8D;0xBCA6BD;0xBCB388;0xBCBD87;0xBCCB56;0xBCCCE4;0xBCCE70;0xBCD68C;0xBD0376;0xBD07DF;0xBD0A9F;0xBD11E6;0xBD1876;0xBD1958;0xBD2504;0xBD54DF;0xBD7B82;0xBD88D2;0xBDA4B5;0xBDA7C4;0xC27B9F;0xC27C0F;0xC27C9B;0xC27CFB;0xC57CF0;0xC58713;0xC588D6;0xC58A99;0xC58C62;0xC58E49;0xC59011;0xC591DC;0xC81E59;0xC8563E;0xC856B4;0xC870EE;0xC87797;0xC8F641;0xC8F85D;0xC8FA7D;0xC8FBDE;0xC8FDBD;0xC8FF4B;0xC9012F;0xC931C0;0xC9361C;0xC94426;0xC94450;0xC9446E;0xC9448C;0xC944AA;0xC944CB;0xC944EC;0xC9450D;0xC9452E;0xC94583;0xC945A7;0xC94637;0xC9676D;0xC980A8;0xC99202;0xC9A0ED;0xC9B2FE;0xC9B3F2;0xC9C67A;0xC9DD2E;0xC9E19C;0xC9F89B;0xCA0370;0xCA0759;0xCA0C7D;0xCA129A;0xCA1765;0xCA1AD8;0xCA1C3B;0xCA1FB0;0xCA23D7;0xCA263B;0xCA2842;0xCA2A1A;0xCA2BE4;0xCA313E;0xCA32D9;0xCA3976;0xCA3A07;0xCA3AEF;0xCA3C1B;0xCA3C3F;0xCA3FC4;0xCA8EAD;0xCA900A;0xCA9188;0xCA92F4;0xCA95B6;0xD03B2B;0xD28732;0xD3AE97;0xD4268C;0xD537B0;0xD627E7;0xD6B0DE;0xD6D0FD;0xD6D83D;0xD6D9F4;0xD6E12D;0xD6E83F;0xD7A197;0xD7A2FC;0xD7D7FD;0xD7E729;0xD7F5D7;0xD7F72D;0xD7F984;0xD80763;0xD8094F;0xD823E0;0xD8288C;0xD83929;0xD83A2F;0xD84068;0xD85290;0xD854D1;0xD8742E;0xD87E45;0xD87F79;0xD881F8;0xD8A8FD;0xD8AAAD;0xD8BD2A;0xD8C16E;0xDAFC00;0xDAFED1;0xDB01CF;0xDB02B3;0xDB0814;0xDB108D;0xDB12FE;0xDB1553;0xDB1783;0xDB198F;0xDB1C03;0xDB1DBF;0xDB1ED1;0xDB20C2;0xDB22AE;0xDB5638;0xDB7221;0xDC5009;0xDC5B21;0xDC695B;0xDC7745;0xDC809A;0xDCC442;0xDCEACC;0xDCEC73;0xDCF978;0xDCFE98;0xDD0195;0xDD0278;0xDD19B3;0xDD262F;0xDD393C;0xDD5689;0xDD8766;0xDD88E3;0xDDD52E;0xDDEA75;0xDEA716;0xDEB907;0xDECB7D;0xDF567D;0xDFA7BB;0xE02E47;0xE05A66;0xE0E67F;0xE12681;0xE1D8EE;0xE260FB;0xE261DE;0xE274E2;0xE46A31;0xE46FB4;0xE47393;0xE4775F;0xE47BF8;0xE4811D;0xE48502;0xE48B44;0xE4CA83;0xE4E458;0xE55E08;0xE5D7B7;0xE64EC6;0xE65A1F;0xE6641C;0xE66E96;0xE67BD3;0xE769C0;0xE76EF3;0xE77403;0xE77801;0xE779B5;0xE77B40;0xE77C78;0xE77DD6;0xE77FB9;0xE7FD22;0xEA5DC4;0xEBC621;0xECED6F;0xECEF30;0xECF091;0xECF280;0xECFE8A;0xED3C35;0xEE2B78;0xEE6339;0xEE6491;0xEE705E;0xEE7B96;0xEEC683;0xEEDA98;0xEF6872;0xEF8D5B;0xEF8E7B;0xEFA302;0xF1050F;0xF1CBFE;0xF48340;0xF483FF;0xF486D3;0xF48FCB;0xF4931F;0xF497E2;0xF4A08A;0xF4A198;0xF4B052;0xF4B7ED;0xF65155;0xF65B9B;0xF67579;0xF69BD8;0xF6A4A6;0xF6B0FA;0xF6CF18;0xFABE6E;0xFB4B19;0xFB57B7;0xFD0201;0xFD05A1;0xFD0A33;0xFD0C4F;0xFD1075;0xFD123C;0x101C1E2;0x101C977;0x105F6A1;0x105FB1B;0x105FF70;0x106020F;0x1060657;0x1060AA2;0x1060E0C;0x1061084;0x10613D2;0x1061559;0x106165C;0x106A701;0x106A9E2;0x106B430;0x106D76D;0x1105FBE;0x1138117;0x11399E3;0x113AA7E;0x1140EBB;0x114BDBC;0x114EDF7;0x115078A;0x1159364;0x115CA17;0x115CBBF;0x116914D;0x1169901;0x1171D22;0x11720DA;0x11745CE;0x11785BF;0x1178A5C;0x1178B32;0x1178FF9;0x117BA6B;0x1189CFF;0x1189DCA;0x118B059;0x118B1A8;0x118C097;0x118C21C;0x118CBB4;0x118CD58;0x11A71B4;0x11DD82F;0x11EE3F1;0x1252067;0x12558AE;0x126210D;0x1281FF5;0x1282C1B;0x12AC1C9;0x12AC47D;0x12ACFBB;0x12BEFBE;0x12BF0FF;0x12C0808;0x12C1139;0x12C5BF4;0x12D365C;0x12D3F84;0x12FB9F4;0x12FBDE3;0x12FC1F5;0x12FDE59;0x1309116;0x13103AB;0x13255D8;0x132615A;0x133854A;0x1338622;0x1338762;0x1338C10;0x1338F62;0x13391E1;0x133A9D4;0x133B7F4;0x133D09B;0x133E6F1;0x133E7E8;0x133F5C5;0x133F710;0x133FDCE;0x1340604;0x1342318;0x134429F;0x1346714;0x1346882;0x1346ABB;0x1365B10;0x138170C;0x1381BBC;0x1381DD1;0x13822A5;0x1382C0F;0x13839A9;0x1393503;0x1393F06;0x1394068;0x139B343;0x139BC99;0x139BD42;0x139BEB1;0x139C0B3;0x139C277;0x139C425;0x139C67C;0x13A5772;0x14F2BD0;0x14F74D5;0x14F7611;0x14F790A;0x14F7ED4;0x14F805E;0x14F8891;0x14F95DE;0x14FB0BE;0x14FE19F;0x14FE7E8;0x1504ECE;0x150A246;0x150A367;0x150AA75;0x150B3B0;0x150B4CF;0x150C5A8;0x150CCCE;0x150D0E4;0x1510345;0x1510670;0x1519408;0x151C103;0x151C7AC;0x151E978;0x1520D1E;0x1521B36;0x1523177;0x1538E0F;0x15DD050;0x15DD8A4;0x15E6096;0x162D80E;0x167E5DF;0x16879A6;0x1687B9F;0x1687D8F;0x1688022;0x169E0FD;0x169E7C0;0x169FA05;0x169FC9A;0x16A00F0;0x16A1309;0x16A13AD;0x16A1408;0x16A1597;0x16A1769;0x16A18A7;0x16A19E5;0x16A1E5C;0x16A1FF8;0x16A5358;0x16DAE87;0x16DE54F;0x16DECFC;0x16DEE10;0x16DF11D;0x16E0807;0x16E162B;0x17006CA;0x1705285;0x170D98A;0x1710635;0x1718FD4;0x171D03D;0x1725D70;0x1725F1B;0x172744A;0x1727C3D;0x174C13B;0x1753C28;0x17540FB;0x17545AE;0x1755783;0x17579D2;0x1757E4D;0x1758D49;0x1758E32;0x1758F07;0x175B07D;0x175B8CC;0x175CDCC;0x175D560;0x175DFAD;0x175E0E8;0x175E8B9;0x175E9AD;0x175EB69;0x1761B96;0x176247F;0x17625AD;0x17631C4;0x1763F0B;0x17642E4;0x1764A39;0x176D61C;0x17767D3;0x1777975;0x17ADD44;0x17C1BDA;0x17C5600;0x17D941F;0x17DB436;0x17DC5CF;0x17DC6E5;0x17DD9F5;0x17DE112;0x17DE272;0x17DFCB6;0x17E124D;0x17E1385;0x17E1AA6;0x17E2205;0x17EC2B3;0x17EE13F;0x17EE7D4;0x183F536;0x183F633;0x1840703;0x1840C13;0x1840FB1;0x184745A;0x186307E;0x1863423;0x1863919;0x1863B38;0x1863DB5;0x1863FC1;0x186425D;0x186445A;0x18646BB;0x1864955;0x1864C14;0x1864EE1;0x18651D1;0x186540E;0x18656B2;0x186591D;0x1865B21;0x1865C89;0x1865EB4;0x186D848;0x1875260;0x18754B3;0x18756D0;0x18758ED;0x1875B2D;0x1875DBD;0x18760A9;0x1876290;0x187646D;0x187661A;0x187690E;0x1876B99;0x1876DCA;0x18770D2;0x18772B0;0x1877519;0x1877CF3;0x1877F73;0x194D916;0x194DD3C;0x194E0E7;0x194E495;0x194E7BC;0x194EC08;0x194EF38;0x194F2D7;0x194F690;0x194F9B9;0x194FC6A;0x194FF5F;0x195031C;0x1950637;0x1950A2B;0x1950E23;0x1951219;0x195163F;0x1951977;0x1951CEC;0x19520FB;0x1952871;0x1952C4A;0x1952F7A;0x19532F5;0x195361F;0x19539F1;0x1953CB4;0x1953E4A;0x1954000;0x1954239;0x1954554;0x1963ED8;0x1965626;0x19A036A;0x19A1189;0x19A2E8E;0x19A4D3B;0x19A54D4;0x19A613B;0x19A7317;0x19AA417;0x19AF764;0x19B014B;0x19B9244;0x19BA3B5;0x19BA6E6;0x19BC4FB;0x19BCE71;0x19BDD35;0x19BDF8A;0x19BEAC9;0x19BF0C3;0x19BF195;0x19BF2D1;0x19C04A0;0x19C395F;0x19C3E0D;0x19D7FC5;0x19D80FE;0x19D8279;0x19D847B;0x19D9804;0x19E14A0;0x19E2C39;0x19E5329;0x19E5C12;0x19E7D18;0x19EA4B5;0x19EBD16;0x19EE694;0x19F05A1;0x19F29D7;0x19F3A96;0x19F6521;0x19F7BA9;0x19F8DDF;0x19FAC7E;0x19FE236;0x19FF809;0x1A01A35;0x1A03A22;0x1A040DE;0x1A06D2C;0x1A09167;0x1A0A12D;0x1A0D51D;0x1A0F39A;0x1A10C42;0x1A1226C;0x1A1559C;0x1A16A5C;0x1A17FC5;0x1A1C9A0;0x1A1D094;0x1A2095B;0x1A23FC8;0x1A29366;0x1A48AA0;0x1A48AED;0x1A52C3A;0x1A531F1;0x1AFEB09;0x1AFECE4;0x1B0203A;0x1B0A7BF;0x1B0AA54;0x1B10211;0x1B12B2F;0x1B15D41;0x1B15F3D;0x1B1611A;0x1B163F0;0x1B199BD;0x1B1DE19;0x1B1DF45;0x1B1E1DB;0x1B716D3;0x1B7180C;0x1B71D80;0x1B723D8;0x1B7256A;0x1B7273D;0x1B728C5;0x1B72A20;0x1B72B6E;0x1B72D9D;0x1B72F3E;0x1B73124;0x1B732CC;0x1B734DB;0x1C37AB9;0x1C5E200;0x1C6050A;0x1C60B9D;0x1C6170D;0x1D1A7B1;0x1D1A9A5;0x1D1ABCF;0x1D1AE1B;0x1D1B0A5;0x1D1B2FB;0x1D1B52F;0x1D1B712;0x1D1B901;0x1D1BA82;0x1D1BC01;0x1D1BDB5;0x1D1BF97;0x1D1C1F2;0x1D1C3D6;0x1D1C5D1;0x1D1C8E0;0x1D90E63;0x1D91373;0x1D91883;0x1D91D93;0x1D922A3;0x1D927B3;0x1D92CC3;0x1D931D3;0x1D936E3;0x1D93BF3;0x1D94103;0x1D94613;0x1DBD836;0x1E0D613;0x1E0E0E4;0x1E0E17E;0x1EB29A3;0x1EB2EB3;0x1EB34A3;0x1EB3F43;0x1EFA715;0x1F018B3;0x1F03BA3;0x1F11E69;0x1F12006;0x1F1389A;0x1F1395B;0x1F13D00;0x1F1484F;0x1F166C0;0x1F1C466;0x1F7AC3F;0x1F8B04D;0x1F8CAA2;0x1F96713;0x1F9680B;0x1F97243;0x1F97753;0x1F97C63;0x1F98173;0x1F9CC24;0x1F9CCA4;0x1F9CE34;0x1F9CEB4;0x1F9DB90;0x1FA4EEE;0x1FA5549;0x1FD873A;0x1FDA138;0x1FE9C97;0x1FEA2AB;0x1FEC0F6;0x1FEDA5A;0x1FEECAC;0x1FF0CE2;0x1FF0E3E;0x1FFA18C;0x1FFBA81;0x1FFE719;0x1FFE8E0;0x200126E;0x200342C;0x201A696;0x201DF54;0x2062847;0x206305A;0x2063D1D;0x206F029;0x20782E1;0x207B744;0x207CFC7;0x2080454;0x2082A14;0x2085604;0x2088494;0x208B774;0x208E974;0x2091764;0x2094478;0x20944D5;0x209454C;0x20A34D4;0x20A92C9;0x20ACF74;0x20AEEB4;0x20B0E14;0x20B2AE4;0x20B47A4;0x20B6464;0x20B8134;0x20B9DF4;0x20BCF1E;0x20BD054;0x20BD3A7;0x20C0E74;0x20C0F8E;0x20D91CF;0x20D927F;0x20D965F;0x20DCF73;0x20DD146;0x20DD2E6;0x20DD3EA;0x20E2221;0x20EFF3A;0x216B96E;0x21BE42B;0x21BF2D8;0x21ECEB1;0x21F331D;0x21F3BBC;0x21F4FF6;0x220CC51;0x220F22A;0x2213A1E;0x2228A7C;0x223007D;0x224756C;0x22612C7;0x22662A1;0x2268581;0x22A17D1;0x22C4C4B;0x23955B5;0x2398BC7;0x239C377;0x239FB47;0x23A3157;0x23A34B9;0x23A496B;0x23A5E0B;0x23A728B;0x23A87CB;0x258E5D4;0x258E6EE;0x25B049C;0x25B065A;0x25D61CD;0x25D7B97;0x26B0BBD;0x26BC0B7;0x26D7ECE;0x26E6DE7;0x26F10D1;0x2719903;0x273BCD2;0x2746598;0x2749BA7;0x2762AEC;0x2773837;0x2799CA4;0x27BB02C;0x27C1AB7;0x27CA932;0x27DAB15;0x27F076A;0x2806B39;0x2813A91;0x282B365;0x283768D;0x28564A1;0x286D8B7;0x287C81E;0x2890043;0x28A8DFF;0x28BFF0F;0x28DC87E;0x28F81D5;0x29141FC;0x2914FF6;0x2916022;0x291707E;0x2919FA0;0x291AE20;0x291CAA9;0x291D7B0;0x291E549;0x291F2AC;0x291FEFD;0x2921073;0x29211C5;0x29213A9;0x292155C;0x29243FA;0x2924500;0x29253CE;0x293586E;0x2936500;0x2936642;0x2937332;0x293747D;0x293E04A;0x293EF11;0x293FDD3;0x2940CA6;0x2940CFD;0x2940D2A;0x2940EA5;0x2941039;0x2941187;0x29411B4;0x294135B;0x2941600;0x29418BC;0x2941AD3;0x2941DFC;0x2941FE0;0x294213B;0x29422BB;0x29430D9;0x2945346;0x29462B5;0x2946472;0x29466B3;0x2946812;0x2946BA9;0x2946D8C;0x2948036;0x2948BD5;0x2949893;0x294A6D8;0x294B3A5;0x294C0DA;0x294CE52;0x294DC6C;0x294DCCD;0x294DCF9;0x294DE99;0x294DFE6;0x294E136;0x294E162;0x294E2D8;0x294E668;0x294E8FA;0x294F5A7;0x294F5FA;0x294F62A;0x294F7D2;0x294F927;0x294FA7F;0x294FAAF;0x294FC2D;0x294FFCC;0x295026A;0x295044F;0x29505E3;0x29507A3;0x2950951;0x2950ACD;0x2950CC0;0x2950FE2;0x2951191;0x29512F1;0x295148A;0x29515FA;0x2952C6F;0x2952F20;0x29533F9;0x29647DA;0x296496B;0x2964B2E;0x2964D27;0x296592C;0x29659F7;0x2965CD4;0x296E770;0x296EA54;0x296F0DB;0x296FF8F;0x29702A4;0x29703AF;0x29711DA;0x2971297;0x297183A;0x2973C8F;0x2976EDE;0x297AD6B;0x297B789;0x2981252;0x2981AF7;0x2981D83;0x2981F14;0x29820B0;0x29822E1;0x2983C81;0x2983D73;0x2983FB3;0x29840CA;0x29843C6;0x298455A;0x2984667;0x29847C2;0x2984942;0x2984C8A;0x2984E66;0x2985045;0x29A5CD8;0x29A6150;0x29A6451;0x29A783A;0x29A7BF8;0x29A7E4E;0x29A80AA;0x29A82C1;0x29A83D4;0x29A857A;0x29A887F;0x29A8E05;0x29B0A77;0x29B1122;0x29B2BD2;0x29B2D3C;0x29B3141;0x29F23BA;0x29F24BF;0x29F2C50;0x29F3E7E;0x29F3FEC;0x29F4D0F;0x29F5610;0x29F6398;0x29F6BA1;0x29F6D7E;0x29F79FE;0x29F818A;0x29FC935;0x29FCE56;0x2A16604;0x2A1664F;0x2A16697;0x2A19324;0x2A19383;0x2A197C1;0x2A19D67;0x2A1A81D;0x2A1AA4A;0x2A1B34D;0x2A1B9E6;0x2A1C919;0x2A1CB97;0x2A1CFA2;0x2A1F2A8;0x2A1F7A0;0x2A1F9A8;0x2A1FCF6;0x2A2015F;0x2A20474;0x2A21D82;0x2A22D18;0x2A23235;0x2A24109;0x2A2427E;0x2A245D3;0x2A24756;0x2A248A7;0x2A26993;0x2A28997;0x2A28B29;0x2A28E9C;0x2A29534;0x2A29853;0x2A2AA73;0x2A2AE0B;0x2A2AEF7;0x2A2B5B0;0x2A2B88E;0x2A2C330;0x2A2C582;0x2A2EF9C;0x2A2F072;0x2A2F3FA;0x2A2FB56;0x2A3052D;0x2A30C58;0x2A30F88;0x2A313C0;0x2A316BA;0x2A31913;0x2A32101;0x2A32459;0x2A3310A;0x2A3370C;0x2A3402D;0x2A34257;0x2A343F9;0x2A34A08;0x2A35260;0x2A36740;0x2A3678C;0x2A36873;0x2A36AA7;0x2A36D10;0x2A36FAE;0x2A37689;0x2A376AA;0x2A37C4A;0x2A37D2F;0x2A38600;0x2A38E62;0x2A39365;0x2A3974D;0x2A397D7;0x2A399F5;0x2A39B8B;0x2A3A442;0x2A3A619;0x2A3A734;0x2A3B1FD;0x2A3B62B;0x2A3B893;0x2A3BC2D;0x2A3C780;0x2A3C8C1;0x2A3CBB1;0x2A3CEB1;0x2A3D426;0x2A3D764;0x2A3D992;0x2A3DBCE;0x2A3F850;0x2A3F916;0x2A3FAA7;0x2A40D84;0x2A42C4D;0x2A440EE;0x2A4430A;0x2A4461B;0x2A44A30;0x2A45266;0x2A45BE1;0x2A47C98;0x2A47D94;0x2A47E65;0x2A47FB9;0x2A485BD;0x2A49D70;0x2A4A91A;0x2A4ACE6;0x2A4B5ED;0x2A4B80D;0x2A4B999;0x2A4BCE5;0x2A4C4EC;0x2A4D351;0x2A4D514;0x2A4D866;0x2A4EFEA;0x2A4F3F7;0x2A50473;0x2A50F13;0x2A512F9;0x2A523A5;0x2A52709;0x2A52BFA;0x2A52C3B;0x2A53EB0;0x2A57532;0x2A577EA;0x2A57815;0x2A5797B;0x2A58CBE;0x2A5915B;0x2A59334;0x2A593DD;0x2A59625;0x2A59760;0x2A598A9;0x2A5996D;0x2A5D192;0x2A5D37D;0x2A5D5DA;0x2A5DA19;0x2A5DF5B;0x2A5E145;0x2A5E3F5;0x2A5E73D;0x2A5EBE9;0x2A5EE9D;0x2A5F280;0x2A5F696;0x2A5FA6D;0x2A60A29;0x2A61BC8;0x2A622A0;0x2A6256C;0x2A626F8;0x2A62944;0x2A629D6;0x2A63A0A;0x2A642FC;0x2A644E2;0x2A64584;0x2A64A12;0x2A654A9;0x2A6566E;0x2A65996;0x2A65B63;0x2A65F03;0x2A65FDA;0x2A66D37;0x2A66DA6;0x2A66F92;0x2A67189;0x2A67787;0x2A68310;0x2A689BC;0x2A68F61;0x2A68FB6;0x2A69344;0x2A69552;0x2A69A48;0x2A6A408;0x2A6AF42;0x2A6C448;0x2A6C4DC;0x2A6CA1A;0x2A6CE75;0x2A6D24B;0x2A6E3CA;0x2A6E800;0x2A6EC94;0x2A6EF91;0x2A988B2;0x2A98BF1;0x2A99052;0x2A99155;0x2A99367;0x2A99A5C;0x2A99CEC;0x2A9A580;0x2A9ABBE;0x2A9ABE4;0x2A9AF87;0x2A9D65A;0x2A9EBAA;0x2A9EDBF;0x2A9EF56;0x2A9F091;0x2A9F748;0x2A9FAEE;0x2A9FCBD;0x2A9FDFB;0x2AA025B;0x2AA0550;0x2AA0607;0x2AA06D7;0x2AA07F7;0x2AA097A;0x2AA23FF;0x2AA2806;0x2AA2995;0x2AA2C2A;0x2AA323C;0x2AA36BB;0x2AA38C6;0x2AA6CCA;0x2AA6E73;0x2AA74E6;0x2AA7E73;0x2AA7EA9;0x2AA83E9;0x2AA8401;0x2AA87C0;0x2AAC29A;0x2AACB11;0x2AACCDF;0x2AACF1D;0x2AAD427;0x2AAD978;0x2AAF294;0x2AAFBC6;0x2AAFF74;0x2AB11CE;0x2AB14FA;0x2AB1AE7;0x2AB1D76;0x2AB1FF6;0x2AB3E84;0x2AB4096;0x2AB4255;0x2AB4F1B;0x2AB666B;0x2AB6D1F;0x2AB725C;0x2AB8CF9;0x2AB91BF;0x2AB9384;0x2ABAB4D;0x2ABAFAB;0x2ABB0C4;0x2ABF851;0x2AC3627;0x2AC4230;0x2AC4C5B;0x2AC6048;0x2AC7DF9;0x2ACED60;0x2ACF153;0x2ACF4CA;0x2ACF700;0x2AD01BE;0x2AD03A9;0x2AD10C4;0x2AD1139;0x2AD16B6;0x2AD3A11;0x2AD5869;0x2AD5F34;0x2AD6120;0x2AD641E;0x2AD68B4;0x2AD7390;0x2AD7704;0x2AD7950;0x2AD85B4;0x2AD9604;0x2ADA594;0x2ADA66A;0x2ADA6BC;0x2ADAFB5;0x2ADB5C2;0x2ADBBE2;0x2ADC12A;0x2ADD473;0x2ADE7EE;0x2AE0A59;0x2AE33E0;0x2AE38C4;0x2AE7DA1;0x2AEC5D7;0x2AECD34;0x2AECF56;0x2AF7C7E;0x2AF84DC;0x2AFB034;0x2AFD9C4;0x2AFDF9B;0x2AFE5F4;0x2AFE6C3;0x2AFEC9E;0x2AFF840;0x2AFFB00;0x2B013C6;0x2B01D34;0x2B01FC8;0x2B026DC;0x2B03A86;0x2B0537F;0x2B05499;0x2B0566A;0x2B08BD8;0x2B09485;0x2B099AC;0x2B0C10F;0x2B0C196;0x2B0C1D5;0x2B0C681;0x2B0CADC;0x2B0E843;0x2B0F28A;0x2B0FBBC;0x2B11C0D;0x2B1228A;0x2B126D0;0x2B16224;0x2B16CD2;0x2B17C5A;0x2B18479;0x2B18A18;0x2B190F1;0x2B19B6C;0x2B19E6A;0x2B1A378;0x2B1AC3D;0x2B1AF71;0x2B1B1D7;0x2B1B45A;0x2B1E8D4;0x2B1FA02;0x2B200F1;0x2B208EA;0x2B211D2;0x2B2200E;0x2B241D1;0x2B24322;0x2B24486;0x2B24966;0x2B24BAA;0x2B24CBA;0x2B24E59;0x2B27051;0x2B2745B;0x2B28798;0x2B29098;0x2B29959;0x2B2A20D;0x2B2D1D2;0x2B2D2F1;0x2B2DBB5;0x2B2DEEA;0x2B2E273;0x2B2E527;0x2B2E7BF;0x2B2E9FA;0x2B2EF14;0x2B2F06A;0x2B2F6DD;0x2B2FEC9;0x2B2FF82;0x2B303E3;0x2B305E5;0x2B309CF;0x2B30BE7;0x2B30CF0;0x2B31189;0x2B3125C;0x2B31468;0x2B3223E;0x2B32B21;0x2B330AE;0x2B33941;0x2B3403F;0x2B34BCD;0x2B34D57;0x2B36613;0x2B38CA3;0x2B39511;0x2B39F77;0x2B3A244;0x2B3DCBE;0x2B41B75;0x2B43CF3;0x2B43DA3;0x2B44877;0x2B44AA7;0x2B49A62;0x2B4AE71;0x2B4B2DB;0x2B4B4BC;0x2B4B521;0x2B4B637;0x2B4B670;0x2B4C3E0;0x2B4C713;0x2B4CBD5;0x2B4D978;0x2B4E262;0x2B4E445;0x2B4F36D;0x2B4F65B;0x2B50547;0x2B54A60;0x2B55BDE;0x2B56656;0x2B5A59D;0x2B5B8EB;0x2B5CE34;0x2B5D283;0x2B5E512;0x2B5FB75;0x2B5FCC7;0x2B5FDBC;0x2B631D5;0x2B6320D;0x2B632F0;0x2B633E7;0x2B63CBA;0x2B6750B;0x2B67A9E;0x2B68451;0x2B68562;0x2B68805;0x2B689C4;0x2B69D43;0x2B6A04E;0x2B6A630;0x2B6A86E;0x2B6A951;0x2B6AF52;0x2B6CD12;0x2B6F03B;0x2B707C2;0x2B70B4B;0x2B717EA;0x2B71AFB;0x2B724E3;0x2B731DE;0x2B74795;0x2B749F7;0x2B75363;0x2B756FF;0x2B7C58E;0x2B7C71F;0x2B7C781;0x2B7CA37;0x2B7CEBB;0x2B7D5D6;0x2B7D9E9;0x2B7E863;0x2B7EE67;0x2B7F29B;0x2B7F4AC;0x2B7F87E;0x2B81FC6;0x2B827F6;0x2B83E63;0x2B8507E;0x2B855A9;0x2B8A410;0x2B8AC96;0x2B8BCA5;0x2B8C744;0x2B8C939;0x2B8D0AB;0x2B8DD5E;0x2B8FDAE;0x2B90818;0x2B908BA;0x2B908CF;0x2B9220A;0x2B92E52;0x2B938A6;0x2B95819;0x2B96FFA;0x2B97556;0x2B980A6;0x2B9889A;0x2B989D1;0x2B98D9B;0x2B9913E;0x2B993EA;0x2B996DC;0x2B99F54;0x2B9A930;0x2B9AC2B;0x2B9D179;0x2B9DBE8;0x2BA0FEF;0x2BA1CF5;0x2BA303D;0x2BA3464;0x2BA3A81;0x2BA3D46;0x2BA5632;0x2BA598B;0x2BA5BCC;0x2BA6445;0x2BA7010;0x2BA7803;0x2BA82FE;0x2BA8BA7;0x2BADCE3;0x2BB377A;0x2BB438A;0x2BB4F12;0x2BB51A2;0x2BB523D;0x2BB6D4A;0x2BB7D72;0x2BB940A;0x2BBAAD6;0x2BBBEAA;0x2BBC355;0x2BBD2E6;0x2BBEE16;0x2BBF007;0x2BBF37D;0x2BBF5A5;0x2BBF74C;0x2BBF9B5;0x2BBFA55;0x2BBFC5E;0x2BBFDA0;0x2BBFF25;0x2BC03C9;0x2BC0545;0x2BC0691;0x2BC08C1;0x2BC0F02;0x2BC5611;0x2BC7EDC;0x2BCADF4;0x2BCAED0;0x2BCD0D4;0x2BCD448;0x2BD115D;0x2BD1384;0x2BD1DDD;0x2BD2718;0x2BD2BAD;0x2BD3BB1;0x2BD43B7;0x2BD4D11;0x2BD51A8;0x2BD558E;0x2BDAF04;0x2BDB548;0x2BDB87A;0x2BDC023;0x2BDCA43;0x2BDCCA6;0x2BDDB0A;0x2BDDD13;0x2BDE323;0x2BDF02D;0x2BDF945;0x2BE02FE;0x2BE042C;0x2BE3AAC;0x2BE440A;0x2BE5B23;0x2BE65C9;0x2BEB1D8,"utility behaviour, not a subject-specific activation path",OBSERVED,MEDIUM
method_sweep_coverage,0x1000,whole-image,whole_image_set,exception-directory records=142004; fully decoded=141921; decoded instructions=9331016; bytes not covered by a decoded instruction=0x449,n/a,n/a,OBSERVED,HIGH
method_decode_shortfall,0x1000,whole-image,whole_image_set,83 function bodies and 0x449 bytes are not fully decoded by the linear sweep; findings inside those bodies are not covered by this audit,n/a,n/a,UNRESOLVED,HIGH
method_target_module_permissions,0xC8CE70,whole-image,resolved_export,"the written target lives in another module, so its page protection is decided at run time; this audit observes only the requested protection arguments, never the target page state",n/a,requires a successful export resolution in the target module,UNRESOLVED,MEDIUM
method_structural_heuristics,0xC8CE70,whole-image,absent_mechanism,"the narrow-store-run, constant-fill-loop, slot-write and bitmask detectors are structural: a match shows the shape only and is not by itself proof of an executable-code write. The argument tracker is a linear scan of the decoded body and ignores basic-block reachability, so a register redefined only on a non-taken path can be reported with that path's value",n/a,n/a,UNRESOLVED,LOW
